{"cam/image_array_a": "239_cam-image_array_a_.jpg", "cam/image_array_b": "239_cam-image_array_b_.png", "user/angle": -1.0, "user/throttle": 0.1781060213019196, "user/mode": "user", "imu/acl_x": 0.18632633984088898, "imu/acl_y": -7.913966178894043, "imu/acl_z": 2.0692031383514404, "imu/gyr_x": -0.6457718014717102, "imu/gyr_y": -2.0542526245117188, "imu/gyr_z": 1.0070549249649048, "milliseconds": 40378}