{"cam/image_array_a": "435_cam-image_array_a_.jpg", "cam/image_array_b": "435_cam-image_array_b_.png", "user/angle": 0.0, "user/throttle": 0.08897671437726981, "user/mode": "user", "imu/acl_x": -0.6472389101982117, "imu/acl_y": -8.296425819396973, "imu/acl_z": 0.9512450098991394, "imu/gyr_x": -0.21991148591041565, "imu/gyr_y": -1.530653715133667, "imu/gyr_z": 0.30543261766433716, "milliseconds": 50452}