{"cam/image_array_a": "458_cam-image_array_a_.jpg", "cam/image_array_b": "458_cam-image_array_b_.png", "user/angle": 0.0, "user/throttle": 0.2357860042115543, "user/mode": "user", "imu/acl_x": -0.509945809841156, "imu/acl_y": -9.041730880737305, "imu/acl_z": 2.922381639480591, "imu/gyr_x": 0.003490658476948738, "imu/gyr_y": -0.008726646192371845, "imu/gyr_z": 0.03839724510908127, "milliseconds": 51616}