{"cam/image_array_a": "132_cam-image_array_a_.jpg", "cam/image_array_b": "132_cam-image_array_b_.png", "user/angle": 0.047639393292031616, "user/throttle": 0.14049195837275308, "user/mode": "user", "imu/acl_x": 2.1770763397216797, "imu/acl_y": -11.454167366027832, "imu/acl_z": 1.1473779678344727, "imu/gyr_x": -0.001745329238474369, "imu/gyr_y": 0.7731808423995972, "imu/gyr_z": -0.1500983089208603, "milliseconds": 34885}