{"cam/image_array_a": "409_cam-image_array_a_.jpg", "cam/image_array_b": "409_cam-image_array_b_.png", "user/angle": 0.0, "user/throttle": 0.20270393993957336, "user/mode": "user", "imu/acl_x": -1.0493115186691284, "imu/acl_y": -9.669356346130371, "imu/acl_z": 2.432049036026001, "imu/gyr_x": 0.013962633907794952, "imu/gyr_y": -0.04188790172338486, "imu/gyr_z": -0.11519172787666321, "milliseconds": 49132}