{"cam/image_array_a": "390_cam-image_array_a_.jpg", "cam/image_array_b": "390_cam-image_array_b_.png", "user/angle": -0.5819879757072665, "user/throttle": 0.03848384044923246, "user/mode": "user", "imu/acl_x": -1.667130470275879, "imu/acl_y": -7.913966178894043, "imu/acl_z": 1.8534568548202515, "imu/gyr_x": -0.30194196105003357, "imu/gyr_y": -0.116937056183815, "imu/gyr_z": -0.04363323003053665, "milliseconds": 48001}