{"cam/image_array_a": "66_cam-image_array_a_.jpg", "cam/image_array_b": "66_cam-image_array_b_.png", "user/angle": 0.0, "user/throttle": 0.14949491866817224, "user/mode": "user", "imu/acl_x": 0.24516624212265015, "imu/acl_y": -9.94394302368164, "imu/acl_z": 2.098623037338257, "imu/gyr_x": 0.06457718461751938, "imu/gyr_y": 0.10297442227602005, "imu/gyr_z": 0.0296705961227417, "milliseconds": 31531}