{"cam/image_array_a": "281_cam-image_array_a_.jpg", "cam/image_array_b": "281_cam-image_array_b_.png", "user/angle": 0.0, "user/throttle": 0.3002105777153844, "user/mode": "user", "imu/acl_x": -6.815621376037598, "imu/acl_y": -12.797677993774414, "imu/acl_z": 1.3533176183700562, "imu/gyr_x": 0.7574728727340698, "imu/gyr_y": -1.3369221687316895, "imu/gyr_z": 0.33510321378707886, "milliseconds": 42491}