{"cam/image_array_a": "368_cam-image_array_a_.jpg", "cam/image_array_b": "368_cam-image_array_b_.png", "user/angle": -1.0, "user/throttle": 0.26494644001586964, "user/mode": "user", "imu/acl_x": -9.306510925292969, "imu/acl_y": -10.0518159866333, "imu/acl_z": 1.7750035524368286, "imu/gyr_x": 0.23387411236763, "imu/gyr_y": -1.832595705986023, "imu/gyr_z": -0.1186823844909668, "milliseconds": 46897}