{"cam/image_array_a": "203_cam-image_array_a_.jpg", "cam/image_array_b": "203_cam-image_array_b_.png", "user/angle": 0.03842280343028046, "user/throttle": 0.21677297280800806, "user/mode": "user", "imu/acl_x": -0.725692093372345, "imu/acl_y": -8.217972755432129, "imu/acl_z": 2.696828603744507, "imu/gyr_x": -0.21118484437465668, "imu/gyr_y": 0.18675023317337036, "imu/gyr_z": -0.359537810087204, "milliseconds": 38461}