{"cam/image_array_a": "138_cam-image_array_a_.jpg", "cam/image_array_b": "138_cam-image_array_b_.png", "user/angle": 0.0, "user/throttle": 0.22640156254768518, "user/mode": "user", "imu/acl_x": -3.5990405082702637, "imu/acl_y": -6.648908615112305, "imu/acl_z": 3.216581106185913, "imu/gyr_x": -0.057595863938331604, "imu/gyr_y": 0.23038345575332642, "imu/gyr_z": -0.19024088978767395, "milliseconds": 35171}