{"cam/image_array_a": "41_cam-image_array_a_.jpg", "cam/image_array_b": "41_cam-image_array_b_.png", "user/angle": 0.0, "user/throttle": 0.11291848506118961, "user/mode": "user", "imu/acl_x": -0.24516624212265015, "imu/acl_y": -9.561483383178711, "imu/acl_z": 2.0692031383514404, "imu/gyr_x": 0.0, "imu/gyr_y": 0.010471975430846214, "imu/gyr_z": -0.031415924429893494, "milliseconds": 30267}