{"cam/image_array_a": "39_cam-image_array_a_.jpg", "cam/image_array_b": "39_cam-image_array_b_.png", "user/angle": 0.0, "user/throttle": 0.11291848506118961, "user/mode": "user", "imu/acl_x": -0.24516624212265015, "imu/acl_y": -9.590903282165527, "imu/acl_z": 1.81423020362854, "imu/gyr_x": 0.015707962214946747, "imu/gyr_y": -0.09075711667537689, "imu/gyr_z": 0.005235987715423107, "milliseconds": 30162}