{"cam/image_array_a": "250_cam-image_array_a_.jpg", "cam/image_array_b": "250_cam-image_array_b_.png", "user/angle": 0.0, "user/throttle": 0.20485549485763116, "user/mode": "user", "imu/acl_x": 0.24516624212265015, "imu/acl_y": -8.25719928741455, "imu/acl_z": 2.657602071762085, "imu/gyr_x": 0.0890117883682251, "imu/gyr_y": 0.12740904092788696, "imu/gyr_z": -0.21816615760326385, "milliseconds": 40917}