{"cam/image_array_a": "126_cam-image_array_a_.jpg", "cam/image_array_b": "126_cam-image_array_b_.png", "user/angle": 0.0, "user/throttle": 0.16151921140171513, "user/mode": "user", "imu/acl_x": -1.4121575355529785, "imu/acl_y": -6.9333014488220215, "imu/acl_z": 2.5203089714050293, "imu/gyr_x": -0.06806784123182297, "imu/gyr_y": 0.06283184885978699, "imu/gyr_z": -0.2705260217189789, "milliseconds": 34562}