{"cam/image_array_a": "233_cam-image_array_a_.jpg", "cam/image_array_b": "233_cam-image_array_b_.png", "user/angle": -1.0, "user/throttle": 0.12524796288949247, "user/mode": "user", "imu/acl_x": -5.246557712554932, "imu/acl_y": -9.228057861328125, "imu/acl_z": -1.0493115186691284, "imu/gyr_x": 0.30717796087265015, "imu/gyr_y": -2.356194496154785, "imu/gyr_z": 0.7295476198196411, "milliseconds": 40060}