{"cam/image_array_a": "382_cam-image_array_a_.jpg", "cam/image_array_b": "382_cam-image_array_b_.png", "user/angle": 0.0, "user/throttle": 0.1837214270455031, "user/mode": "user", "imu/acl_x": 2.373209238052368, "imu/acl_y": -9.826263427734375, "imu/acl_z": 7.119627952575684, "imu/gyr_x": 0.5794492959976196, "imu/gyr_y": 0.28274333477020264, "imu/gyr_z": 0.07679449021816254, "milliseconds": 47602}