{"cam/image_array_a": "166_cam-image_array_a_.jpg", "cam/image_array_b": "166_cam-image_array_b_.png", "user/angle": 0.0, "user/throttle": 0.12764366588335826, "user/mode": "user", "imu/acl_x": -1.3533176183700562, "imu/acl_y": -7.835513114929199, "imu/acl_z": 1.4121575355529785, "imu/gyr_x": -0.06981316953897476, "imu/gyr_y": -0.14137166738510132, "imu/gyr_z": 0.22514747083187103, "milliseconds": 36599}