{"cam/image_array_a": "83_cam-image_array_a_.jpg", "cam/image_array_b": "83_cam-image_array_b_.png", "user/angle": 0.0, "user/throttle": 0.11352885525070956, "user/mode": "user", "imu/acl_x": 0.18632633984088898, "imu/acl_y": -10.610795021057129, "imu/acl_z": 1.45138418674469, "imu/gyr_x": -0.022689279168844223, "imu/gyr_y": 0.03490658476948738, "imu/gyr_z": -0.02617993950843811, "milliseconds": 32387}