{"cam/image_array_a": "121_cam-image_array_a_.jpg", "cam/image_array_b": "121_cam-image_array_b_.png", "user/angle": 0.0, "user/throttle": 0.11796929837946715, "user/mode": "user", "imu/acl_x": 2.1770763397216797, "imu/acl_y": -9.041730880737305, "imu/acl_z": 1.9319100379943848, "imu/gyr_x": 0.031415924429893494, "imu/gyr_y": -0.6213372349739075, "imu/gyr_z": 0.09599310904741287, "milliseconds": 34322}