{"cam/image_array_a": "448_cam-image_array_a_.jpg", "cam/image_array_b": "448_cam-image_array_b_.png", "user/angle": -1.0, "user/throttle": 0.09981078524124881, "user/mode": "user", "imu/acl_x": -0.8335652351379395, "imu/acl_y": -9.13979721069336, "imu/acl_z": 1.1669913530349731, "imu/gyr_x": 0.08028514683246613, "imu/gyr_y": -1.1362093687057495, "imu/gyr_z": 0.36128315329551697, "milliseconds": 51117}