{"cam/image_array_a": "57_cam-image_array_a_.jpg", "cam/image_array_b": "57_cam-image_array_b_.png", "user/angle": -0.3519699697866756, "user/throttle": 0.1467940305795465, "user/mode": "user", "imu/acl_x": -0.16671304404735565, "imu/acl_y": -9.120183944702148, "imu/acl_z": 2.8537349700927734, "imu/gyr_x": 0.012217304669320583, "imu/gyr_y": 0.01745329238474369, "imu/gyr_z": -0.05235987901687622, "milliseconds": 31075}