{"cam/image_array_a": "93_cam-image_array_a_.jpg", "cam/image_array_b": "93_cam-image_array_b_.png", "user/angle": 0.0, "user/throttle": 0.08024842066713461, "user/mode": "user", "imu/acl_x": -0.08825984597206116, "imu/acl_y": -9.247671127319336, "imu/acl_z": 1.4709974527359009, "imu/gyr_x": -0.054105207324028015, "imu/gyr_y": 0.045378558337688446, "imu/gyr_z": -0.04363323003053665, "milliseconds": 32906}