{"cam/image_array_a": "214_cam-image_array_a_.jpg", "cam/image_array_b": "214_cam-image_array_b_.png", "user/angle": -1.0, "user/throttle": 0.23136082033753472, "user/mode": "user", "imu/acl_x": 1.010084867477417, "imu/acl_y": -8.296425819396973, "imu/acl_z": 2.618375539779663, "imu/gyr_x": -0.2687807083129883, "imu/gyr_y": -0.19896753132343292, "imu/gyr_z": -0.031415924429893494, "milliseconds": 39026}