{"cam/image_array_a": "470_cam-image_array_a_.jpg", "cam/image_array_b": "470_cam-image_array_b_.png", "user/angle": 0.0, "user/throttle": 0.14851832636494033, "user/mode": "user", "imu/acl_x": 0.8041452765464783, "imu/acl_y": -8.404298782348633, "imu/acl_z": 2.9616081714630127, "imu/gyr_x": 0.3176499307155609, "imu/gyr_y": 0.19024088978767395, "imu/gyr_z": 0.12915436923503876, "milliseconds": 52218}