{"cam/image_array_a": "190_cam-image_array_a_.jpg", "cam/image_array_b": "190_cam-image_array_b_.png", "user/angle": 0.0, "user/throttle": 0.15385906552323986, "user/mode": "user", "imu/acl_x": 0.45110589265823364, "imu/acl_y": -8.963277816772461, "imu/acl_z": 1.1473779678344727, "imu/gyr_x": 0.09599310904741287, "imu/gyr_y": -1.190314531326294, "imu/gyr_z": 0.16755160689353943, "milliseconds": 37798}