{"cam/image_array_a": "364_cam-image_array_a_.jpg", "cam/image_array_b": "364_cam-image_array_b_.png", "user/angle": 0.0, "user/throttle": 0.20180364391003144, "user/mode": "user", "imu/acl_x": -0.6472389101982117, "imu/acl_y": -6.835235118865967, "imu/acl_z": 2.7948951721191406, "imu/gyr_x": 0.08203047513961792, "imu/gyr_y": 0.17104226350784302, "imu/gyr_z": -0.28274333477020264, "milliseconds": 46693}