{"cam/image_array_a": "10_cam-image_array_a_.jpg", "cam/image_array_b": "10_cam-image_array_b_.png", "user/angle": 0.0, "user/throttle": -0.5, "user/mode": "user", "imu/acl_x": -0.18632633984088898, "imu/acl_y": -9.728196144104004, "imu/acl_z": 0.9708583354949951, "imu/gyr_x": -0.010471975430846214, "imu/gyr_y": 0.03316125646233559, "imu/gyr_z": -0.019198622554540634, "milliseconds": 27281}