{"cam/image_array_a": "207_cam-image_array_a_.jpg", "cam/image_array_b": "207_cam-image_array_b_.png", "user/angle": 0.8132267220068972, "user/throttle": 0.1934415723136082, "user/mode": "user", "imu/acl_x": 0.6864655017852783, "imu/acl_y": -11.591460227966309, "imu/acl_z": 1.794616937637329, "imu/gyr_x": 0.06283184885978699, "imu/gyr_y": 0.2059488445520401, "imu/gyr_z": 0.06108652427792549, "milliseconds": 38654}