{"cam/image_array_a": "365_cam-image_array_a_.jpg", "cam/image_array_b": "365_cam-image_array_b_.png", "user/angle": -1.0, "user/throttle": 0.27224036378063293, "user/mode": "user", "imu/acl_x": 0.411879301071167, "imu/acl_y": -11.22861385345459, "imu/acl_z": 2.2555294036865234, "imu/gyr_x": -0.06108652427792549, "imu/gyr_y": 0.14137166738510132, "imu/gyr_z": 0.1186823844909668, "milliseconds": 46750}