{"cam/image_array_a": "6_cam-image_array_a_.jpg", "cam/image_array_b": "6_cam-image_array_b_.png", "user/angle": 0.0, "user/throttle": 0.21573534348582415, "user/mode": "user", "imu/acl_x": -0.06864655017852783, "imu/acl_y": -9.590903282165527, "imu/acl_z": 1.8730701208114624, "imu/gyr_x": -0.003490658476948738, "imu/gyr_y": 0.0, "imu/gyr_z": 0.0, "milliseconds": 25920}