{"cam/image_array_a": "260_cam-image_array_a_.jpg", "cam/image_array_b": "260_cam-image_array_b_.png", "user/angle": 0.41587572862941374, "user/throttle": 0.28597369304483167, "user/mode": "user", "imu/acl_x": -0.18632633984088898, "imu/acl_y": -7.9826130867004395, "imu/acl_z": 3.0596747398376465, "imu/gyr_x": 0.2862339913845062, "imu/gyr_y": 0.08552113175392151, "imu/gyr_z": -0.04188790172338486, "milliseconds": 41436}