{"cam/image_array_a": "232_cam-image_array_a_.jpg", "cam/image_array_b": "232_cam-image_array_b_.png", "user/angle": -1.0, "user/throttle": 0.12524796288949247, "user/mode": "user", "imu/acl_x": -10.728474617004395, "imu/acl_y": -17.602935791015625, "imu/acl_z": -4.540478706359863, "imu/gyr_x": 0.7400196194648743, "imu/gyr_y": -2.1694443225860596, "imu/gyr_z": 0.48520153760910034, "milliseconds": 40008}