{"cam/image_array_a": "462_cam-image_array_a_.jpg", "cam/image_array_b": "462_cam-image_array_b_.png", "user/angle": 0.0, "user/throttle": 0.21839045381023592, "user/mode": "user", "imu/acl_x": 0.5491724014282227, "imu/acl_y": -9.286897659301758, "imu/acl_z": 4.079566478729248, "imu/gyr_x": 0.10646508634090424, "imu/gyr_y": 0.16057029366493225, "imu/gyr_z": 0.045378558337688446, "milliseconds": 51812}