{"cam/image_array_a": "445_cam-image_array_a_.jpg", "cam/image_array_b": "445_cam-image_array_b_.png", "user/angle": -1.0, "user/throttle": 0.09474471266823328, "user/mode": "user", "imu/acl_x": -0.6864655017852783, "imu/acl_y": -8.884824752807617, "imu/acl_z": 2.1966896057128906, "imu/gyr_x": -0.15707963705062866, "imu/gyr_y": -1.4189527034759521, "imu/gyr_z": 0.2635447084903717, "milliseconds": 50968}