{"cam/image_array_a": "54_cam-image_array_a_.jpg", "cam/image_array_b": "54_cam-image_array_b_.png", "user/angle": 0.0, "user/throttle": 0.1467940305795465, "user/mode": "user", "imu/acl_x": -0.3628460466861725, "imu/acl_y": -9.286897659301758, "imu/acl_z": 2.2947559356689453, "imu/gyr_x": 0.05235987901687622, "imu/gyr_y": -0.3839724361896515, "imu/gyr_z": 0.06632251292467117, "milliseconds": 30920}