{"cam/image_array_a": "284_cam-image_array_a_.jpg", "cam/image_array_b": "284_cam-image_array_b_.png", "user/angle": 1.0, "user/throttle": 0.16466261787774286, "user/mode": "user", "imu/acl_x": 0.6864655017852783, "imu/acl_y": -13.905829429626465, "imu/acl_z": 0.2059396505355835, "imu/gyr_x": 0.12566369771957397, "imu/gyr_y": 0.27750733494758606, "imu/gyr_z": -0.07330382615327835, "milliseconds": 42643}