{"cam/image_array_a": "331_cam-image_array_a_.jpg", "cam/image_array_b": "331_cam-image_array_b_.png", "user/angle": 0.0, "user/throttle": 0.206579790643025, "user/mode": "user", "imu/acl_x": 0.04903324693441391, "imu/acl_y": -10.365629196166992, "imu/acl_z": 1.1277647018432617, "imu/gyr_x": 0.22689279913902283, "imu/gyr_y": 0.027925267815589905, "imu/gyr_z": -0.005235987715423107, "milliseconds": 45025}