{"cam/image_array_a": "43_cam-image_array_a_.jpg", "cam/image_array_b": "43_cam-image_array_b_.png", "user/angle": 0.0, "user/throttle": 0.11363567003387555, "user/mode": "user", "imu/acl_x": 0.18632633984088898, "imu/acl_y": -9.5418701171875, "imu/acl_z": 1.8534568548202515, "imu/gyr_x": 0.019198622554540634, "imu/gyr_y": 0.015707962214946747, "imu/gyr_z": 0.013962633907794952, "milliseconds": 30372}