{"cam/image_array_a": "167_cam-image_array_a_.jpg", "cam/image_array_b": "167_cam-image_array_b_.png", "user/angle": 0.0, "user/throttle": 0.10667744987334818, "user/mode": "user", "imu/acl_x": -4.540478706359863, "imu/acl_y": -8.639657974243164, "imu/acl_z": 1.8926833868026733, "imu/gyr_x": -0.005235987715423107, "imu/gyr_y": -0.6981316804885864, "imu/gyr_z": 0.3752457797527313, "milliseconds": 36639}