{"cam/image_array_a": "105_cam-image_array_a_.jpg", "cam/image_array_b": "105_cam-image_array_b_.png", "user/angle": 0.0, "user/throttle": 0.20548112430188908, "user/mode": "user", "imu/acl_x": -3.8638200759887695, "imu/acl_y": -8.580818176269531, "imu/acl_z": 3.0204482078552246, "imu/gyr_x": -0.296705961227417, "imu/gyr_y": -0.6038839221000671, "imu/gyr_z": 0.06632251292467117, "milliseconds": 33508}