{"cam/image_array_a": "76_cam-image_array_a_.jpg", "cam/image_array_b": "76_cam-image_array_b_.png", "user/angle": 0.0, "user/throttle": 0.14073610644856105, "user/mode": "user", "imu/acl_x": -0.6668521761894226, "imu/acl_y": -10.287175178527832, "imu/acl_z": 1.6279038190841675, "imu/gyr_x": 0.09250245243310928, "imu/gyr_y": 0.04014257341623306, "imu/gyr_z": -0.0872664600610733, "milliseconds": 32037}