{"cam/image_array_a": "209_cam-image_array_a_.jpg", "cam/image_array_b": "209_cam-image_array_b_.png", "user/angle": 0.5462813196203498, "user/throttle": 0.19620349742118595, "user/mode": "user", "imu/acl_x": 4.844484806060791, "imu/acl_y": -10.473502159118652, "imu/acl_z": 1.3729310035705566, "imu/gyr_x": 0.27227136492729187, "imu/gyr_y": 1.1205013990402222, "imu/gyr_z": 0.08377580344676971, "milliseconds": 38764}