{"cam/image_array_a": "162_cam-image_array_a_.jpg", "cam/image_array_b": "162_cam-image_array_b_.png", "user/angle": 0.0, "user/throttle": 0.14827417828913236, "user/mode": "user", "imu/acl_x": -4.589511871337891, "imu/acl_y": -8.678885459899902, "imu/acl_z": 2.0299766063690186, "imu/gyr_x": -0.2687807083129883, "imu/gyr_y": -1.63013756275177, "imu/gyr_z": 0.4468042850494385, "milliseconds": 36394}