{"cam/image_array_a": "195_cam-image_array_a_.jpg", "cam/image_array_b": "195_cam-image_array_b_.png", "user/angle": -0.5233924375133518, "user/throttle": 0.2782219916379284, "user/mode": "user", "imu/acl_x": 0.32361945509910583, "imu/acl_y": -7.541313648223877, "imu/acl_z": 2.41243577003479, "imu/gyr_x": -0.008726646192371845, "imu/gyr_y": 0.12217304855585098, "imu/gyr_z": -0.008726646192371845, "milliseconds": 38072}