{"cam/image_array_a": "432_cam-image_array_a_.jpg", "cam/image_array_b": "432_cam-image_array_b_.png", "user/angle": -1.0, "user/throttle": 0.09985656300546282, "user/mode": "user", "imu/acl_x": -3.7363336086273193, "imu/acl_y": -6.609682083129883, "imu/acl_z": 0.6668521761894226, "imu/gyr_x": -0.2059488445520401, "imu/gyr_y": -1.9547687768936157, "imu/gyr_z": 0.21991148591041565, "milliseconds": 50300}