{"cam/image_array_a": "19_cam-image_array_a_.jpg", "cam/image_array_b": "19_cam-image_array_b_.png", "user/angle": 0.0, "user/throttle": 0.5, "user/mode": "user", "imu/acl_x": -0.06864655017852783, "imu/acl_y": -9.610516548156738, "imu/acl_z": 1.794616937637329, "imu/gyr_x": 0.0, "imu/gyr_y": 0.003490658476948738, "imu/gyr_z": 0.003490658476948738, "milliseconds": 28376}