{"cam/image_array_a": "437_cam-image_array_a_.jpg", "cam/image_array_b": "437_cam-image_array_b_.png", "user/angle": -0.554277169103061, "user/throttle": 0.1020996734519486, "user/mode": "user", "imu/acl_x": 1.81423020362854, "imu/acl_y": -9.806650161743164, "imu/acl_z": 1.6082905530929565, "imu/gyr_x": -0.03316125646233559, "imu/gyr_y": 0.09948376566171646, "imu/gyr_z": 0.012217304669320583, "milliseconds": 50551}