{"cam/image_array_a": "14_cam-image_array_a_.jpg", "cam/image_array_b": "14_cam-image_array_b_.png", "user/angle": 0.0, "user/throttle": -0.5, "user/mode": "user", "imu/acl_x": -0.40207263827323914, "imu/acl_y": -9.904716491699219, "imu/acl_z": 6.413548946380615, "imu/gyr_x": -0.07679449021816254, "imu/gyr_y": 0.012217304669320583, "imu/gyr_z": -0.06806784123182297, "milliseconds": 27591}