{"cam/image_array_a": "361_cam-image_array_a_.jpg", "cam/image_array_b": "361_cam-image_array_b_.png", "user/angle": 0.0, "user/throttle": 0.20258186590166935, "user/mode": "user", "imu/acl_x": 2.41243577003479, "imu/acl_y": -9.080957412719727, "imu/acl_z": 4.962164878845215, "imu/gyr_x": -0.22689279913902283, "imu/gyr_y": -0.4328416585922241, "imu/gyr_z": -0.24434609711170197, "milliseconds": 46559}