{"cam/image_array_a": "186_cam-image_array_a_.jpg", "cam/image_array_b": "186_cam-image_array_b_.png", "user/angle": -1.0, "user/throttle": 0.14587847529526657, "user/mode": "user", "imu/acl_x": 1.431770920753479, "imu/acl_y": -10.82654094696045, "imu/acl_z": -0.4314925968647003, "imu/gyr_x": 0.0593411922454834, "imu/gyr_y": -1.375319480895996, "imu/gyr_z": 0.47822022438049316, "milliseconds": 37593}