{"cam/image_array_a": "223_cam-image_array_a_.jpg", "cam/image_array_b": "223_cam-image_array_b_.png", "user/angle": 0.783288064210944, "user/throttle": 0.23238319040498062, "user/mode": "user", "imu/acl_x": 1.5690639019012451, "imu/acl_y": -8.296425819396973, "imu/acl_z": 3.746140241622925, "imu/gyr_x": -0.33859387040138245, "imu/gyr_y": 0.4398229718208313, "imu/gyr_z": 0.05585053563117981, "milliseconds": 39520}