{"cam/image_array_a": "405_cam-image_array_a_.jpg", "cam/image_array_b": "405_cam-image_array_b_.png", "user/angle": 0.0, "user/throttle": 0.10399182103946043, "user/mode": "user", "imu/acl_x": 0.029419949278235435, "imu/acl_y": -8.521978378295898, "imu/acl_z": 1.1473779678344727, "imu/gyr_x": -0.02617993950843811, "imu/gyr_y": 0.0296705961227417, "imu/gyr_z": -0.010471975430846214, "milliseconds": 48937}