{"cam/image_array_a": "7_cam-image_array_a_.jpg", "cam/image_array_b": "7_cam-image_array_b_.png", "user/angle": 0.0, "user/throttle": 0.4308603167821284, "user/mode": "user", "imu/acl_x": -0.04903324693441391, "imu/acl_y": -9.581096649169922, "imu/acl_z": 1.8730701208114624, "imu/gyr_x": -0.001745329238474369, "imu/gyr_y": 0.0, "imu/gyr_z": -0.005235987715423107, "milliseconds": 25973}