{"cam/image_array_a": "17_cam-image_array_a_.jpg", "cam/image_array_b": "17_cam-image_array_b_.png", "user/angle": 0.0, "user/throttle": -0.5, "user/mode": "user", "imu/acl_x": -0.509945809841156, "imu/acl_y": -12.238698959350586, "imu/acl_z": 4.520865440368652, "imu/gyr_x": -0.406661719083786, "imu/gyr_y": -0.0296705961227417, "imu/gyr_z": 0.1431169956922531, "milliseconds": 27729}