{"cam/image_array_a": "220_cam-image_array_a_.jpg", "cam/image_array_b": "220_cam-image_array_b_.png", "user/angle": 0.0, "user/throttle": 0.3106631672109134, "user/mode": "user", "imu/acl_x": 4.766031742095947, "imu/acl_y": -8.982891082763672, "imu/acl_z": 2.677215337753296, "imu/gyr_x": 0.04188790172338486, "imu/gyr_y": -0.4171336889266968, "imu/gyr_z": 0.469493567943573, "milliseconds": 39304}