{"cam/image_array_a": "78_cam-image_array_a_.jpg", "cam/image_array_b": "78_cam-image_array_b_.png", "user/angle": 0.0, "user/throttle": 0.13408307138279366, "user/mode": "user", "imu/acl_x": 0.32361945509910583, "imu/acl_y": -7.913966178894043, "imu/acl_z": 2.598762273788452, "imu/gyr_x": 0.03316125646233559, "imu/gyr_y": 0.07504915446043015, "imu/gyr_z": 0.09250245243310928, "milliseconds": 32136}