{"cam/image_array_a": "188_cam-image_array_a_.jpg", "cam/image_array_b": "188_cam-image_array_b_.png", "user/angle": 0.045686208685567796, "user/throttle": 0.14587847529526657, "user/mode": "user", "imu/acl_x": -0.627625584602356, "imu/acl_y": -8.718111991882324, "imu/acl_z": 0.2843928337097168, "imu/gyr_x": 0.22689279913902283, "imu/gyr_y": -1.322959542274475, "imu/gyr_z": 0.27227136492729187, "milliseconds": 37702}