{"cam/image_array_a": "441_cam-image_array_a_.jpg", "cam/image_array_b": "441_cam-image_array_b_.png", "user/angle": -1.0, "user/throttle": 0.09735404522843104, "user/mode": "user", "imu/acl_x": 2.7948951721191406, "imu/acl_y": -13.04284381866455, "imu/acl_z": 0.6668521761894226, "imu/gyr_x": 0.0, "imu/gyr_y": 0.06283184885978699, "imu/gyr_z": 0.015707962214946747, "milliseconds": 50778}