{"cam/image_array_a": "241_cam-image_array_a_.jpg", "cam/image_array_b": "241_cam-image_array_b_.png", "user/angle": 0.41367839594714195, "user/throttle": 0.18897061067537463, "user/mode": "user", "imu/acl_x": -4.383572578430176, "imu/acl_y": -8.296425819396973, "imu/acl_z": -0.3040061295032501, "imu/gyr_x": 0.024434609338641167, "imu/gyr_y": -2.113593816757202, "imu/gyr_z": 0.7923794984817505, "milliseconds": 40470}