{"cam/image_array_a": "267_cam-image_array_a_.jpg", "cam/image_array_b": "267_cam-image_array_b_.png", "user/angle": -0.8462477492599262, "user/throttle": 0.250175481429487, "user/mode": "user", "imu/acl_x": -1.1081514358520508, "imu/acl_y": -16.651691436767578, "imu/acl_z": 0.7649186849594116, "imu/gyr_x": 0.7435102462768555, "imu/gyr_y": -0.30717796087265015, "imu/gyr_z": -0.36128315329551697, "milliseconds": 41804}