{"cam/image_array_a": "219_cam-image_array_a_.jpg", "cam/image_array_b": "219_cam-image_array_b_.png", "user/angle": 0.0, "user/throttle": 0.3106631672109134, "user/mode": "user", "imu/acl_x": -1.0885381698608398, "imu/acl_y": -6.089929580688477, "imu/acl_z": 6.031089782714844, "imu/gyr_x": -0.359537810087204, "imu/gyr_y": -1.284562349319458, "imu/gyr_z": -0.28099802136421204, "milliseconds": 39283}