{"cam/image_array_a": "129_cam-image_array_a_.jpg", "cam/image_array_b": "129_cam-image_array_b_.png", "user/angle": 0.42152165288247323, "user/throttle": 0.05076754051332133, "user/mode": "user", "imu/acl_x": 0.509945809841156, "imu/acl_y": -9.179023742675781, "imu/acl_z": 1.5494506359100342, "imu/gyr_x": -0.16231562197208405, "imu/gyr_y": 0.10646508634090424, "imu/gyr_z": 0.14137166738510132, "milliseconds": 34714}