{"cam/image_array_a": "277_cam-image_array_a_.jpg", "cam/image_array_b": "277_cam-image_array_b_.png", "user/angle": 0.0, "user/throttle": 0.2444532609027375, "user/mode": "user", "imu/acl_x": -6.413548946380615, "imu/acl_y": -12.356378555297852, "imu/acl_z": -0.8041452765464783, "imu/gyr_x": 0.5829399824142456, "imu/gyr_y": -2.656391143798828, "imu/gyr_z": 0.2670353651046753, "milliseconds": 42293}