{"cam/image_array_a": "79_cam-image_array_a_.jpg", "cam/image_array_b": "79_cam-image_array_b_.png", "user/angle": 0.0, "user/throttle": 0.13408307138279366, "user/mode": "user", "imu/acl_x": -0.3824593424797058, "imu/acl_y": -10.424468994140625, "imu/acl_z": 1.6965503692626953, "imu/gyr_x": -0.045378558337688446, "imu/gyr_y": 0.12566369771957397, "imu/gyr_z": 0.07504915446043015, "milliseconds": 32194}