{"cam/image_array_a": "218_cam-image_array_a_.jpg", "cam/image_array_b": "218_cam-image_array_b_.png", "user/angle": 0.0, "user/throttle": 0.29636524552140875, "user/mode": "user", "imu/acl_x": -3.6382670402526855, "imu/acl_y": -16.357492446899414, "imu/acl_z": -1.0689247846603394, "imu/gyr_x": 0.6178465485572815, "imu/gyr_y": -2.616248607635498, "imu/gyr_z": 1.1292279958724976, "milliseconds": 39216}