{"cam/image_array_a": "68_cam-image_array_a_.jpg", "cam/image_array_b": "68_cam-image_array_b_.png", "user/angle": 0.0, "user/throttle": 0.14949491866817224, "user/mode": "user", "imu/acl_x": -0.8924051523208618, "imu/acl_y": -7.502087116241455, "imu/acl_z": 3.0989012718200684, "imu/gyr_x": -0.11170107126235962, "imu/gyr_y": 0.1483529806137085, "imu/gyr_z": -0.12740904092788696, "milliseconds": 31628}