{"cam/image_array_a": "62_cam-image_array_a_.jpg", "cam/image_array_b": "62_cam-image_array_b_.png", "user/angle": 0.0, "user/throttle": 0.1467940305795465, "user/mode": "user", "imu/acl_x": -0.16671304404735565, "imu/acl_y": -10.385242462158203, "imu/acl_z": 1.9907499551773071, "imu/gyr_x": 0.027925267815589905, "imu/gyr_y": 0.01745329238474369, "imu/gyr_z": 0.10646508634090424, "milliseconds": 31325}