{"cam/image_array_a": "108_cam-image_array_a_.jpg", "cam/image_array_b": "108_cam-image_array_b_.png", "user/angle": 0.0, "user/throttle": 0.2032227546006653, "user/mode": "user", "imu/acl_x": 1.0689247846603394, "imu/acl_y": -3.216581106185913, "imu/acl_z": 5.3053975105285645, "imu/gyr_x": -0.5899212956428528, "imu/gyr_y": 0.13264502584934235, "imu/gyr_z": 0.12217304855585098, "milliseconds": 33651}