{"cam/image_array_a": "228_cam-image_array_a_.jpg", "cam/image_array_b": "228_cam-image_array_b_.png", "user/angle": -0.1369365520187994, "user/throttle": 0.12451551866206854, "user/mode": "user", "imu/acl_x": 0.04903324693441391, "imu/acl_y": -9.080957412719727, "imu/acl_z": 0.9316317439079285, "imu/gyr_x": -0.008726646192371845, "imu/gyr_y": 0.2897246479988098, "imu/gyr_z": -0.3473205268383026, "milliseconds": 39812}