{"cam/image_array_a": "397_cam-image_array_a_.jpg", "cam/image_array_b": "397_cam-image_array_b_.png", "user/angle": 0.0, "user/throttle": 0.018982512894070255, "user/mode": "user", "imu/acl_x": 1.9515233039855957, "imu/acl_y": -11.071707725524902, "imu/acl_z": 0.9708583354949951, "imu/gyr_x": 0.07853981852531433, "imu/gyr_y": 0.04363323003053665, "imu/gyr_z": 0.001745329238474369, "milliseconds": 48358}