{"cam/image_array_a": "198_cam-image_array_a_.jpg", "cam/image_array_b": "198_cam-image_array_b_.png", "user/angle": 0.0, "user/throttle": 0.22017578661458173, "user/mode": "user", "imu/acl_x": -5.707469940185547, "imu/acl_y": -9.228057861328125, "imu/acl_z": 4.805258274078369, "imu/gyr_x": 0.16929693520069122, "imu/gyr_y": -1.1187560558319092, "imu/gyr_z": -0.10821041464805603, "milliseconds": 38194}