{"cam/image_array_a": "102_cam-image_array_a_.jpg", "cam/image_array_b": "102_cam-image_array_b_.png", "user/angle": -0.32923368022705773, "user/throttle": 0.23305459761345257, "user/mode": "user", "imu/acl_x": -1.2944778203964233, "imu/acl_y": -10.110655784606934, "imu/acl_z": 2.559535503387451, "imu/gyr_x": 0.24783675372600555, "imu/gyr_y": 0.07155849784612656, "imu/gyr_z": -0.28099802136421204, "milliseconds": 33382}