{"cam/image_array_a": "84_cam-image_array_a_.jpg", "cam/image_array_b": "84_cam-image_array_b_.png", "user/angle": 0.0, "user/throttle": 0.0933713797418134, "user/mode": "user", "imu/acl_x": 1.0493115186691284, "imu/acl_y": -8.865211486816406, "imu/acl_z": 1.4121575355529785, "imu/gyr_x": 0.0890117883682251, "imu/gyr_y": 0.05585053563117981, "imu/gyr_z": -0.09424778074026108, "milliseconds": 32454}