{"cam/image_array_a": "307_cam-image_array_a_.jpg", "cam/image_array_b": "307_cam-image_array_b_.png", "user/angle": 0.01370281075472274, "user/throttle": 0.17334513382366407, "user/mode": "user", "imu/acl_x": 1.0689247846603394, "imu/acl_y": -12.434831619262695, "imu/acl_z": 0.3824593424797058, "imu/gyr_x": 0.296705961227417, "imu/gyr_y": 0.21991148591041565, "imu/gyr_z": 0.09948376566171646, "milliseconds": 43825}