{"cam/image_array_a": "229_cam-image_array_a_.jpg", "cam/image_array_b": "229_cam-image_array_b_.png", "user/angle": -0.9577929013946959, "user/throttle": 0.12323374126407666, "user/mode": "user", "imu/acl_x": -1.5690639019012451, "imu/acl_y": -6.9333014488220215, "imu/acl_z": 0.6668521761894226, "imu/gyr_x": 0.008726646192371845, "imu/gyr_y": 0.06981316953897476, "imu/gyr_z": -0.5044001340866089, "milliseconds": 39867}