{"cam/image_array_a": "290_cam-image_array_a_.jpg", "cam/image_array_b": "290_cam-image_array_b_.png", "user/angle": 0.0, "user/throttle": 0.29009369182409134, "user/mode": "user", "imu/acl_x": 1.2454445362091064, "imu/acl_y": -10.748087882995605, "imu/acl_z": 2.598762273788452, "imu/gyr_x": -0.012217304669320583, "imu/gyr_y": -0.015707962214946747, "imu/gyr_z": -0.12217304855585098, "milliseconds": 42944}