{"cam/image_array_a": "303_cam-image_array_a_.jpg", "cam/image_array_b": "303_cam-image_array_b_.png", "user/angle": 0.0, "user/throttle": 0.09753715628528703, "user/mode": "user", "imu/acl_x": -0.9512450098991394, "imu/acl_y": -7.678606986999512, "imu/acl_z": 0.04903324693441391, "imu/gyr_x": -0.04886921867728233, "imu/gyr_y": 0.10471975803375244, "imu/gyr_z": 0.16406095027923584, "milliseconds": 43617}