{"cam/image_array_a": "117_cam-image_array_a_.jpg", "cam/image_array_b": "117_cam-image_array_b_.png", "user/angle": -1.0, "user/throttle": 0.09318826868495743, "user/mode": "user", "imu/acl_x": 0.24516624212265015, "imu/acl_y": -9.728196144104004, "imu/acl_z": 1.8534568548202515, "imu/gyr_x": -0.20943951606750488, "imu/gyr_y": 0.008726646192371845, "imu/gyr_z": 0.0296705961227417, "milliseconds": 34104}