{"cam/image_array_a": "456_cam-image_array_a_.jpg", "cam/image_array_b": "456_cam-image_array_b_.png", "user/angle": 0.0, "user/throttle": 0.18485061189611499, "user/mode": "user", "imu/acl_x": -1.206217885017395, "imu/acl_y": -9.483030319213867, "imu/acl_z": 1.9319100379943848, "imu/gyr_x": 0.05235987901687622, "imu/gyr_y": -0.015707962214946747, "imu/gyr_z": -0.057595863938331604, "milliseconds": 51523}