{"cam/image_array_a": "137_cam-image_array_a_.jpg", "cam/image_array_b": "137_cam-image_array_b_.png", "user/angle": 0.0, "user/throttle": 0.22640156254768518, "user/mode": "user", "imu/acl_x": -2.0692031383514404, "imu/acl_y": -9.208444595336914, "imu/acl_z": 3.422520875930786, "imu/gyr_x": -0.06108652427792549, "imu/gyr_y": 0.5183627605438232, "imu/gyr_z": -0.179768905043602, "milliseconds": 35121}