{"cam/image_array_a": "306_cam-image_array_a_.jpg", "cam/image_array_b": "306_cam-image_array_b_.png", "user/angle": 0.02346873378704184, "user/throttle": 0.15694143498031557, "user/mode": "user", "imu/acl_x": 1.5886772871017456, "imu/acl_y": -5.687856674194336, "imu/acl_z": 2.1378495693206787, "imu/gyr_x": 0.001745329238474369, "imu/gyr_y": 0.04363323003053665, "imu/gyr_z": -0.045378558337688446, "milliseconds": 43777}