{"cam/image_array_a": "97_cam-image_array_a_.jpg", "cam/image_array_b": "97_cam-image_array_b_.png", "user/angle": 0.0, "user/throttle": 0.2347483748893704, "user/mode": "user", "imu/acl_x": 0.5295590758323669, "imu/acl_y": -9.404577255249023, "imu/acl_z": 5.187717914581299, "imu/gyr_x": 0.06283184885978699, "imu/gyr_y": 0.0, "imu/gyr_z": -0.04188790172338486, "milliseconds": 33092}