{"cam/image_array_a": "345_cam-image_array_a_.jpg", "cam/image_array_b": "345_cam-image_array_b_.png", "user/angle": 0.0, "user/throttle": 0.11934263130588701, "user/mode": "user", "imu/acl_x": 0.009806649759411812, "imu/acl_y": -6.129156112670898, "imu/acl_z": 2.7752819061279297, "imu/gyr_x": -0.17104226350784302, "imu/gyr_y": -0.045378558337688446, "imu/gyr_z": -0.08028514683246613, "milliseconds": 45742}