{"cam/image_array_a": "313_cam-image_array_a_.jpg", "cam/image_array_b": "313_cam-image_array_b_.png", "user/angle": 0.0, "user/throttle": 0.12889492477187414, "user/mode": "user", "imu/acl_x": 0.627625584602356, "imu/acl_y": -11.915079116821289, "imu/acl_z": -0.2059396505355835, "imu/gyr_x": -0.2879793345928192, "imu/gyr_y": 0.22689279913902283, "imu/gyr_z": 0.024434609338641167, "milliseconds": 44135}