{"cam/image_array_a": "370_cam-image_array_a_.jpg", "cam/image_array_b": "370_cam-image_array_b_.png", "user/angle": 0.0, "user/throttle": 0.23104037598803676, "user/mode": "user", "imu/acl_x": -8.767145156860352, "imu/acl_y": -10.385242462158203, "imu/acl_z": 0.47071918845176697, "imu/gyr_x": -0.13962633907794952, "imu/gyr_y": -2.775073528289795, "imu/gyr_z": 0.48694685101509094, "milliseconds": 47003}