{"cam/image_array_a": "134_cam-image_array_a_.jpg", "cam/image_array_b": "134_cam-image_array_b_.png", "user/angle": 1.0, "user/throttle": 0.22357860042115543, "user/mode": "user", "imu/acl_x": -0.22555294632911682, "imu/acl_y": -8.345458984375, "imu/acl_z": 2.637988805770874, "imu/gyr_x": 0.09948376566171646, "imu/gyr_y": 0.1500983089208603, "imu/gyr_z": -0.12042772024869919, "milliseconds": 34974}