{"cam/image_array_a": "163_cam-image_array_a_.jpg", "cam/image_array_b": "163_cam-image_array_b_.png", "user/angle": 0.0, "user/throttle": 0.13234351634266184, "user/mode": "user", "imu/acl_x": -3.5990405082702637, "imu/acl_y": -8.806371688842773, "imu/acl_z": 1.7750035524368286, "imu/gyr_x": 0.22689279913902283, "imu/gyr_y": -1.926843523979187, "imu/gyr_z": -0.20071285963058472, "milliseconds": 36433}