{"cam/image_array_a": "225_cam-image_array_a_.jpg", "cam/image_array_b": "225_cam-image_array_b_.png", "user/angle": 0.0, "user/throttle": 0.22109134189886165, "user/mode": "user", "imu/acl_x": 5.266170978546143, "imu/acl_y": -8.23758602142334, "imu/acl_z": 3.216581106185913, "imu/gyr_x": -0.6283185482025146, "imu/gyr_y": 1.4259339570999146, "imu/gyr_z": -0.45727625489234924, "milliseconds": 39591}