{"cam/image_array_a": "120_cam-image_array_a_.jpg", "cam/image_array_b": "120_cam-image_array_b_.png", "user/angle": 0.0, "user/throttle": 0.10484633930478836, "user/mode": "user", "imu/acl_x": -1.833843469619751, "imu/acl_y": -10.728474617004395, "imu/acl_z": 0.7845319509506226, "imu/gyr_x": 0.024434609338641167, "imu/gyr_y": -1.1693705320358276, "imu/gyr_z": -0.05061454698443413, "milliseconds": 34269}