{"cam/image_array_a": "431_cam-image_array_a_.jpg", "cam/image_array_b": "431_cam-image_array_b_.png", "user/angle": -1.0, "user/throttle": 0.13536484878078556, "user/mode": "user", "imu/acl_x": -5.187717914581299, "imu/acl_y": -9.267284393310547, "imu/acl_z": 1.5102241039276123, "imu/gyr_x": 0.21467550098896027, "imu/gyr_y": -2.1834068298339844, "imu/gyr_z": -0.010471975430846214, "milliseconds": 50273}