{"cam/image_array_a": "150_cam-image_array_a_.jpg", "cam/image_array_b": "150_cam-image_array_b_.png", "user/angle": 0.0, "user/throttle": 0.1901913510544145, "user/mode": "user", "imu/acl_x": 1.5886772871017456, "imu/acl_y": -11.817012786865234, "imu/acl_z": 2.0495898723602295, "imu/gyr_x": 0.015707962214946747, "imu/gyr_y": 0.22340214252471924, "imu/gyr_z": 0.24609142541885376, "milliseconds": 35775}