{"cam/image_array_a": "122_cam-image_array_a_.jpg", "cam/image_array_b": "122_cam-image_array_b_.png", "user/angle": 0.0, "user/throttle": 0.12471388897366252, "user/mode": "user", "imu/acl_x": 2.618375539779663, "imu/acl_y": -9.904716491699219, "imu/acl_z": 1.1277647018432617, "imu/gyr_x": -0.07853981852531433, "imu/gyr_y": -0.13439035415649414, "imu/gyr_z": 0.11344639956951141, "milliseconds": 34377}