{"cam/image_array_a": "154_cam-image_array_a_.jpg", "cam/image_array_b": "154_cam-image_array_b_.png", "user/angle": 0.0, "user/throttle": 0.1575365459150975, "user/mode": "user", "imu/acl_x": 4.805258274078369, "imu/acl_y": -7.85512638092041, "imu/acl_z": 1.7161637544631958, "imu/gyr_x": 0.16580627858638763, "imu/gyr_y": 1.6423548460006714, "imu/gyr_z": 0.04014257341623306, "milliseconds": 35976}