{"cam/image_array_a": "200_cam-image_array_a_.jpg", "cam/image_array_b": "200_cam-image_array_b_.png", "user/angle": 0.0, "user/throttle": 0.21797845393230994, "user/mode": "user", "imu/acl_x": -2.1770763397216797, "imu/acl_y": -8.002225875854492, "imu/acl_z": 3.0989012718200684, "imu/gyr_x": 0.36651915311813354, "imu/gyr_y": -2.2200586795806885, "imu/gyr_z": 0.16755160689353943, "milliseconds": 38295}