{"cam/image_array_a": "151_cam-image_array_a_.jpg", "cam/image_array_b": "151_cam-image_array_b_.png", "user/angle": 0.45353556932279426, "user/throttle": 0.1652119510483108, "user/mode": "user", "imu/acl_x": -1.9319100379943848, "imu/acl_y": -9.286897659301758, "imu/acl_z": 1.794616937637329, "imu/gyr_x": -0.010471975430846214, "imu/gyr_y": -0.04188790172338486, "imu/gyr_z": -0.07504915446043015, "milliseconds": 35836}