{"cam/image_array_a": "257_cam-image_array_a_.jpg", "cam/image_array_b": "257_cam-image_array_b_.png", "user/angle": 0.0, "user/throttle": 0.17694631794183172, "user/mode": "user", "imu/acl_x": -4.285505771636963, "imu/acl_y": -8.884824752807617, "imu/acl_z": 1.255251169204712, "imu/gyr_x": -0.04188790172338486, "imu/gyr_y": -2.37015700340271, "imu/gyr_z": 0.23911011219024658, "milliseconds": 41270}