{"cam/image_array_a": "99_cam-image_array_a_.jpg", "cam/image_array_b": "99_cam-image_array_b_.png", "user/angle": 0.0, "user/throttle": 0.23305459761345257, "user/mode": "user", "imu/acl_x": -0.5295590758323669, "imu/acl_y": -10.669634819030762, "imu/acl_z": 3.422520875930786, "imu/gyr_x": 0.12566369771957397, "imu/gyr_y": 0.0593411922454834, "imu/gyr_z": 0.010471975430846214, "milliseconds": 33192}