{"cam/image_array_a": "396_cam-image_array_a_.jpg", "cam/image_array_b": "396_cam-image_array_b_.png", "user/angle": 0.0, "user/throttle": 0.018982512894070255, "user/mode": "user", "imu/acl_x": 0.0, "imu/acl_y": -17.661775588989258, "imu/acl_z": -0.24516624212265015, "imu/gyr_x": 0.47996553778648376, "imu/gyr_y": -1.1100293397903442, "imu/gyr_z": -0.024434609338641167, "milliseconds": 48301}