{"cam/image_array_a": "274_cam-image_array_a_.jpg", "cam/image_array_b": "274_cam-image_array_b_.png", "user/angle": -0.8886684774315622, "user/throttle": 0.24849696340830713, "user/mode": "user", "imu/acl_x": 0.40207263827323914, "imu/acl_y": -12.12101936340332, "imu/acl_z": 2.451662540435791, "imu/gyr_x": -0.3822270929813385, "imu/gyr_y": -0.09773843735456467, "imu/gyr_z": 0.13962633907794952, "milliseconds": 42143}