{"cam/image_array_a": "338_cam-image_array_a_.jpg", "cam/image_array_b": "338_cam-image_array_b_.png", "user/angle": 0.0, "user/throttle": 0.13037507248146002, "user/mode": "user", "imu/acl_x": -7.090207576751709, "imu/acl_y": -13.121297836303711, "imu/acl_z": -0.7845319509506226, "imu/gyr_x": 0.30368727445602417, "imu/gyr_y": -2.3212878704071045, "imu/gyr_z": 0.17104226350784302, "milliseconds": 45376}