{"cam/image_array_a": "468_cam-image_array_a_.jpg", "cam/image_array_b": "468_cam-image_array_b_.png", "user/angle": 0.0, "user/throttle": 0.21932126834925383, "user/mode": "user", "imu/acl_x": -1.1669913530349731, "imu/acl_y": -10.306788444519043, "imu/acl_z": 1.4121575355529785, "imu/gyr_x": -0.019198622554540634, "imu/gyr_y": -0.06108652427792549, "imu/gyr_z": -0.24783675372600555, "milliseconds": 52151}