{"cam/image_array_a": "161_cam-image_array_a_.jpg", "cam/image_array_b": "161_cam-image_array_b_.png", "user/angle": 0.0, "user/throttle": 0.2012085329752495, "user/mode": "user", "imu/acl_x": -2.7948951721191406, "imu/acl_y": -6.609682083129883, "imu/acl_z": 3.216581106185913, "imu/gyr_x": -0.5811946392059326, "imu/gyr_y": -0.1762782484292984, "imu/gyr_z": 0.30194196105003357, "milliseconds": 36346}