{"cam/image_array_a": "164_cam-image_array_a_.jpg", "cam/image_array_b": "164_cam-image_array_b_.png", "user/angle": -0.13196203497421186, "user/throttle": 0.12874233222449416, "user/mode": "user", "imu/acl_x": 5.187717914581299, "imu/acl_y": -13.082070350646973, "imu/acl_z": 1.5690639019012451, "imu/gyr_x": 0.10471975803375244, "imu/gyr_y": -0.11344639956951141, "imu/gyr_z": 0.14137166738510132, "milliseconds": 36490}