{"cam/image_array_a": "48_cam-image_array_a_.jpg", "cam/image_array_b": "48_cam-image_array_b_.png", "user/angle": 0.0, "user/throttle": 0.13777581102938932, "user/mode": "user", "imu/acl_x": -0.509945809841156, "imu/acl_y": -9.747809410095215, "imu/acl_z": 2.0299766063690186, "imu/gyr_x": -0.0296705961227417, "imu/gyr_y": -0.15184363722801208, "imu/gyr_z": 0.031415924429893494, "milliseconds": 30622}