{"cam/image_array_a": "177_cam-image_array_a_.jpg", "cam/image_array_b": "177_cam-image_array_b_.png", "user/angle": -1.0, "user/throttle": 0.08684041871395001, "user/mode": "user", "imu/acl_x": -1.010084867477417, "imu/acl_y": -9.787036895751953, "imu/acl_z": -1.5690639019012451, "imu/gyr_x": 0.1483529806137085, "imu/gyr_y": -1.6388641595840454, "imu/gyr_z": 0.39269909262657166, "milliseconds": 37144}