{"cam/image_array_a": "34_cam-image_array_a_.jpg", "cam/image_array_b": "34_cam-image_array_b_.png", "user/angle": 0.0, "user/throttle": 0.11291848506118961, "user/mode": "user", "imu/acl_x": 0.08825984597206116, "imu/acl_y": -9.522256851196289, "imu/acl_z": 2.657602071762085, "imu/gyr_x": -0.036651913076639175, "imu/gyr_y": -0.01745329238474369, "imu/gyr_z": -0.019198622554540634, "milliseconds": 29943}