{"cam/image_array_a": "388_cam-image_array_a_.jpg", "cam/image_array_b": "388_cam-image_array_b_.png", "user/angle": 0.0, "user/throttle": 0.06476027710806605, "user/mode": "user", "imu/acl_x": -0.10787314921617508, "imu/acl_y": -12.12101936340332, "imu/acl_z": 2.1770763397216797, "imu/gyr_x": -0.12042772024869919, "imu/gyr_y": -0.16057029366493225, "imu/gyr_z": -0.21991148591041565, "milliseconds": 47905}