{"cam/image_array_a": "142_cam-image_array_a_.jpg", "cam/image_array_b": "142_cam-image_array_b_.png", "user/angle": -0.39616077150791956, "user/throttle": 0.22640156254768518, "user/mode": "user", "imu/acl_x": 2.618375539779663, "imu/acl_y": -11.2482271194458, "imu/acl_z": 3.0204482078552246, "imu/gyr_x": -0.04363323003053665, "imu/gyr_y": 0.08203047513961792, "imu/gyr_z": 0.05061454698443413, "milliseconds": 35389}