{"cam/image_array_a": "148_cam-image_array_a_.jpg", "cam/image_array_b": "148_cam-image_array_b_.png", "user/angle": 0.0, "user/throttle": 0.22640156254768518, "user/mode": "user", "imu/acl_x": -1.0493115186691284, "imu/acl_y": -7.296147346496582, "imu/acl_z": 4.187439441680908, "imu/gyr_x": -0.24260076880455017, "imu/gyr_y": 0.08552113175392151, "imu/gyr_z": -0.057595863938331604, "milliseconds": 35700}