{"cam/image_array_a": "86_cam-image_array_a_.jpg", "cam/image_array_b": "86_cam-image_array_b_.png", "user/angle": 0.0, "user/throttle": 0.06472975859859005, "user/mode": "user", "imu/acl_x": -0.3628460466861725, "imu/acl_y": -11.209000587463379, "imu/acl_z": -0.009806649759411812, "imu/gyr_x": 0.012217304669320583, "imu/gyr_y": 0.10646508634090424, "imu/gyr_z": -0.031415924429893494, "milliseconds": 32552}