{"cam/image_array_a": "286_cam-image_array_a_.jpg", "cam/image_array_b": "286_cam-image_array_b_.png", "user/angle": 0.01022370067445906, "user/throttle": 0.21982482375560777, "user/mode": "user", "imu/acl_x": 2.098623037338257, "imu/acl_y": -6.246835708618164, "imu/acl_z": 2.3535959720611572, "imu/gyr_x": -0.05061454698443413, "imu/gyr_y": 0.9250245094299316, "imu/gyr_z": -0.8185594081878662, "milliseconds": 42746}