{"cam/image_array_a": "61_cam-image_array_a_.jpg", "cam/image_array_b": "61_cam-image_array_b_.png", "user/angle": 0.0, "user/throttle": 0.1467940305795465, "user/mode": "user", "imu/acl_x": 1.3925442695617676, "imu/acl_y": -9.483030319213867, "imu/acl_z": 2.3143694400787354, "imu/gyr_x": 0.05585053563117981, "imu/gyr_y": -0.08203047513961792, "imu/gyr_z": -0.03316125646233559, "milliseconds": 31271}