{"cam/image_array_a": "193_cam-image_array_a_.jpg", "cam/image_array_b": "193_cam-image_array_b_.png", "user/angle": 0.0, "user/throttle": 0.16608172856837672, "user/mode": "user", "imu/acl_x": 0.5883989930152893, "imu/acl_y": -10.973641395568848, "imu/acl_z": 2.7948951721191406, "imu/gyr_x": -0.15358898043632507, "imu/gyr_y": 0.13962633907794952, "imu/gyr_z": 0.006981316953897476, "milliseconds": 37944}