{"cam/image_array_a": "262_cam-image_array_a_.jpg", "cam/image_array_b": "262_cam-image_array_b_.png", "user/angle": 1.0, "user/throttle": 0.25606555375835444, "user/mode": "user", "imu/acl_x": 4.138406276702881, "imu/acl_y": -13.719503402709961, "imu/acl_z": 3.363680839538574, "imu/gyr_x": 0.001745329238474369, "imu/gyr_y": 0.4660029113292694, "imu/gyr_z": -0.4642575681209564, "milliseconds": 41536}