{"cam/image_array_a": "246_cam-image_array_a_.jpg", "cam/image_array_b": "246_cam-image_array_b_.png", "user/angle": 0.0, "user/throttle": 0.2021546067690054, "user/mode": "user", "imu/acl_x": 1.5102241039276123, "imu/acl_y": -10.895188331604004, "imu/acl_z": 1.255251169204712, "imu/gyr_x": 0.15184363722801208, "imu/gyr_y": 0.2879793345928192, "imu/gyr_z": 0.2373647689819336, "milliseconds": 40720}