{"cam/image_array_a": "115_cam-image_array_a_.jpg", "cam/image_array_b": "115_cam-image_array_b_.png", "user/angle": 0.0, "user/throttle": 0.08189642017883847, "user/mode": "user", "imu/acl_x": 0.2843928337097168, "imu/acl_y": -7.374600410461426, "imu/acl_z": 1.6279038190841675, "imu/gyr_x": -0.2879793345928192, "imu/gyr_y": 0.09424778074026108, "imu/gyr_z": 0.031415924429893494, "milliseconds": 34018}