{"cam/image_array_a": "248_cam-image_array_a_.jpg", "cam/image_array_b": "248_cam-image_array_b_.png", "user/angle": 0.0, "user/throttle": 0.20485549485763116, "user/mode": "user", "imu/acl_x": 0.8727918267250061, "imu/acl_y": -6.972527980804443, "imu/acl_z": 3.6774935722351074, "imu/gyr_x": -0.19896753132343292, "imu/gyr_y": 0.2565633952617645, "imu/gyr_z": 0.045378558337688446, "milliseconds": 40810}