{"cam/image_array_a": "40_cam-image_array_a_.jpg", "cam/image_array_b": "40_cam-image_array_b_.png", "user/angle": 0.0, "user/throttle": 0.11291848506118961, "user/mode": "user", "imu/acl_x": 0.06864655017852783, "imu/acl_y": -9.424190521240234, "imu/acl_z": 2.471275806427002, "imu/gyr_x": -0.006981316953897476, "imu/gyr_y": -0.012217304669320583, "imu/gyr_z": 0.012217304669320583, "milliseconds": 30211}