{"cam/image_array_a": "411_cam-image_array_a_.jpg", "cam/image_array_b": "411_cam-image_array_b_.png", "user/angle": 0.0, "user/throttle": 0.20194097720267343, "user/mode": "user", "imu/acl_x": 0.32361945509910583, "imu/acl_y": -8.159132957458496, "imu/acl_z": 3.9814999103546143, "imu/gyr_x": -0.013962633907794952, "imu/gyr_y": -0.0296705961227417, "imu/gyr_z": 0.008726646192371845, "milliseconds": 49271}