{"cam/image_array_a": "189_cam-image_array_a_.jpg", "cam/image_array_b": "189_cam-image_array_b_.png", "user/angle": 0.0, "user/throttle": 0.14687032685323648, "user/mode": "user", "imu/acl_x": -2.1966896057128906, "imu/acl_y": -11.01286792755127, "imu/acl_z": 1.206217885017395, "imu/gyr_x": 0.16057029366493225, "imu/gyr_y": -1.329940915107727, "imu/gyr_z": 0.10995574295520782, "milliseconds": 37758}