{"cam/image_array_a": "314_cam-image_array_a_.jpg", "cam/image_array_b": "314_cam-image_array_b_.png", "user/angle": 0.0, "user/throttle": 0.12794885097811823, "user/mode": "user", "imu/acl_x": -0.34323275089263916, "imu/acl_y": -12.238698959350586, "imu/acl_z": -0.6864655017852783, "imu/gyr_x": 0.4660029113292694, "imu/gyr_y": 0.3159045875072479, "imu/gyr_z": 0.18675023317337036, "milliseconds": 44172}