{"cam/image_array_a": "165_cam-image_array_a_.jpg", "cam/image_array_b": "165_cam-image_array_b_.png", "user/angle": -0.6057618945890683, "user/throttle": 0.12764366588335826, "user/mode": "user", "imu/acl_x": 0.16671304404735565, "imu/acl_y": -6.011476516723633, "imu/acl_z": 1.1669913530349731, "imu/gyr_x": -0.03839724510908127, "imu/gyr_y": 0.23038345575332642, "imu/gyr_z": -0.04886921867728233, "milliseconds": 36565}