{"cam/image_array_a": "38_cam-image_array_a_.jpg", "cam/image_array_b": "38_cam-image_array_b_.png", "user/angle": 0.0, "user/throttle": 0.11291848506118961, "user/mode": "user", "imu/acl_x": -0.9316317439079285, "imu/acl_y": -9.522256851196289, "imu/acl_z": 2.0692031383514404, "imu/gyr_x": 0.08377580344676971, "imu/gyr_y": -0.0890117883682251, "imu/gyr_z": -0.031415924429893494, "milliseconds": 30117}