{"cam/image_array_a": "452_cam-image_array_a_.jpg", "cam/image_array_b": "452_cam-image_array_b_.png", "user/angle": 0.0, "user/throttle": 0.11662648396252327, "user/mode": "user", "imu/acl_x": 0.4314925968647003, "imu/acl_y": -8.806371688842773, "imu/acl_z": 1.3533176183700562, "imu/gyr_x": -0.001745329238474369, "imu/gyr_y": -0.4974188208580017, "imu/gyr_z": -0.05235987901687622, "milliseconds": 51313}