{"cam/image_array_a": "317_cam-image_array_a_.jpg", "cam/image_array_b": "317_cam-image_array_b_.png", "user/angle": 0.0, "user/throttle": 0.12794885097811823, "user/mode": "user", "imu/acl_x": 0.47071918845176697, "imu/acl_y": -5.2857842445373535, "imu/acl_z": 2.1966896057128906, "imu/gyr_x": -0.09599310904741287, "imu/gyr_y": 0.19896753132343292, "imu/gyr_z": -0.005235987715423107, "milliseconds": 44319}