{"cam/image_array_a": "420_cam-image_array_a_.jpg", "cam/image_array_b": "420_cam-image_array_b_.png", "user/angle": 0.0, "user/throttle": 0.18080690939054536, "user/mode": "user", "imu/acl_x": 1.1669913530349731, "imu/acl_y": -9.747809410095215, "imu/acl_z": 1.6965503692626953, "imu/gyr_x": 0.0593411922454834, "imu/gyr_y": 0.15707963705062866, "imu/gyr_z": 0.17104226350784302, "milliseconds": 49696}