{"cam/image_array_a": "196_cam-image_array_a_.jpg", "cam/image_array_b": "196_cam-image_array_b_.png", "user/angle": -0.9796746726889859, "user/throttle": 0.29222998748741114, "user/mode": "user", "imu/acl_x": -0.14709974825382233, "imu/acl_y": -8.865211486816406, "imu/acl_z": 3.0204482078552246, "imu/gyr_x": 0.12740904092788696, "imu/gyr_y": 0.1431169956922531, "imu/gyr_z": 0.09250245243310928, "milliseconds": 38093}