{"cam/image_array_a": "156_cam-image_array_a_.jpg", "cam/image_array_b": "156_cam-image_array_b_.png", "user/angle": 0.0, "user/throttle": 0.14217047639393293, "user/mode": "user", "imu/acl_x": -2.2359161376953125, "imu/acl_y": -9.561483383178711, "imu/acl_z": 2.1966896057128906, "imu/gyr_x": 0.07504915446043015, "imu/gyr_y": 0.6736971139907837, "imu/gyr_z": 0.3735004663467407, "milliseconds": 36077}