{"cam/image_array_a": "453_cam-image_array_a_.jpg", "cam/image_array_b": "453_cam-image_array_b_.png", "user/angle": 0.0, "user/throttle": 0.11662648396252327, "user/mode": "user", "imu/acl_x": 1.6769371032714844, "imu/acl_y": -8.845598220825195, "imu/acl_z": 1.9711365699768066, "imu/gyr_x": -0.04886921867728233, "imu/gyr_y": -0.008726646192371845, "imu/gyr_z": 0.04363323003053665, "milliseconds": 51374}