{"cam/image_array_a": "153_cam-image_array_a_.jpg", "cam/image_array_b": "153_cam-image_array_b_.png", "user/angle": 0.03219702749717704, "user/throttle": 0.16022217474898526, "user/mode": "user", "imu/acl_x": 5.609403610229492, "imu/acl_y": -12.032759666442871, "imu/acl_z": 1.1277647018432617, "imu/gyr_x": -0.05235987901687622, "imu/gyr_y": 0.2321287840604782, "imu/gyr_z": -0.33510321378707886, "milliseconds": 35926}