{"cam/image_array_a": "123_cam-image_array_a_.jpg", "cam/image_array_b": "123_cam-image_array_b_.png", "user/angle": 0.0, "user/throttle": 0.15625476851710562, "user/mode": "user", "imu/acl_x": -0.47071918845176697, "imu/acl_y": -9.669356346130371, "imu/acl_z": 1.255251169204712, "imu/gyr_x": 0.09773843735456467, "imu/gyr_y": -0.07853981852531433, "imu/gyr_z": 0.003490658476948738, "milliseconds": 34407}