{"cam/image_array_a": "296_cam-image_array_a_.jpg", "cam/image_array_b": "296_cam-image_array_b_.png", "user/angle": 0.0, "user/throttle": 0.09819330423902096, "user/mode": "user", "imu/acl_x": -2.736055374145508, "imu/acl_y": -10.973641395568848, "imu/acl_z": -1.0689247846603394, "imu/gyr_x": -0.20071285963058472, "imu/gyr_y": -1.7418385744094849, "imu/gyr_z": 0.30892327427864075, "milliseconds": 43246}