{"cam/image_array_a": "8_cam-image_array_a_.jpg", "cam/image_array_b": "8_cam-image_array_b_.png", "user/angle": 0.0, "user/throttle": 0.5, "user/mode": "user", "imu/acl_x": -0.26477953791618347, "imu/acl_y": -9.188830375671387, "imu/acl_z": 6.550841808319092, "imu/gyr_x": -0.11170107126235962, "imu/gyr_y": 0.07330382615327835, "imu/gyr_z": -0.01745329238474369, "milliseconds": 26029}