{"cam/image_array_a": "373_cam-image_array_a_.jpg", "cam/image_array_b": "373_cam-image_array_b_.png", "user/angle": 0.0, "user/throttle": 0.15599536118655966, "user/mode": "user", "imu/acl_x": 1.833843469619751, "imu/acl_y": -10.934414863586426, "imu/acl_z": 0.6472389101982117, "imu/gyr_x": 0.24783675372600555, "imu/gyr_y": -0.5078908205032349, "imu/gyr_z": 0.11170107126235962, "milliseconds": 47145}