{"cam/image_array_a": "310_cam-image_array_a_.jpg", "cam/image_array_b": "310_cam-image_array_b_.png", "user/angle": 0.011688589129306926, "user/throttle": 0.12889492477187414, "user/mode": "user", "imu/acl_x": 0.029419949278235435, "imu/acl_y": -12.10140609741211, "imu/acl_z": 1.5886772871017456, "imu/gyr_x": 0.022689279168844223, "imu/gyr_y": 0.3822270929813385, "imu/gyr_z": -0.008726646192371845, "milliseconds": 43974}