{"cam/image_array_a": "253_cam-image_array_a_.jpg", "cam/image_array_b": "253_cam-image_array_b_.png", "user/angle": -1.0, "user/throttle": 0.20485549485763116, "user/mode": "user", "imu/acl_x": 0.18632633984088898, "imu/acl_y": -11.01286792755127, "imu/acl_z": 1.3533176183700562, "imu/gyr_x": -0.13264502584934235, "imu/gyr_y": 0.05235987901687622, "imu/gyr_z": 0.23038345575332642, "milliseconds": 41084}