{"cam/image_array_a": "147_cam-image_array_a_.jpg", "cam/image_array_b": "147_cam-image_array_b_.png", "user/angle": 0.0, "user/throttle": 0.22640156254768518, "user/mode": "user", "imu/acl_x": 4.363959312438965, "imu/acl_y": -11.650300025939941, "imu/acl_z": 1.4121575355529785, "imu/gyr_x": 0.12042772024869919, "imu/gyr_y": -0.003490658476948738, "imu/gyr_z": 0.4974188208580017, "milliseconds": 35629}