{"cam/image_array_a": "334_cam-image_array_a_.jpg", "cam/image_array_b": "334_cam-image_array_b_.png", "user/angle": -1.0, "user/throttle": 0.20734275337992492, "user/mode": "user", "imu/acl_x": 0.8041452765464783, "imu/acl_y": -8.56120491027832, "imu/acl_z": 2.392822504043579, "imu/gyr_x": 0.27750733494758606, "imu/gyr_y": 0.23387411236763, "imu/gyr_z": 0.06632251292467117, "milliseconds": 45182}