{"cam/image_array_a": "210_cam-image_array_a_.jpg", "cam/image_array_b": "210_cam-image_array_b_.png", "user/angle": 0.0, "user/throttle": 0.2119357890560625, "user/mode": "user", "imu/acl_x": 3.236194372177124, "imu/acl_y": -8.54159164428711, "imu/acl_z": 1.2454445362091064, "imu/gyr_x": 0.12566369771957397, "imu/gyr_y": 1.63013756275177, "imu/gyr_z": -0.16231562197208405, "milliseconds": 38807}