{"cam/image_array_a": "109_cam-image_array_a_.jpg", "cam/image_array_b": "109_cam-image_array_b_.png", "user/angle": 0.0, "user/throttle": 0.19818720053712577, "user/mode": "user", "imu/acl_x": -0.06864655017852783, "imu/acl_y": -8.404298782348633, "imu/acl_z": 3.255807638168335, "imu/gyr_x": 0.16057029366493225, "imu/gyr_y": 0.08552113175392151, "imu/gyr_z": -0.09424778074026108, "milliseconds": 33707}