{"cam/image_array_a": "383_cam-image_array_a_.jpg", "cam/image_array_b": "383_cam-image_array_b_.png", "user/angle": 0.0, "user/throttle": 0.11348307748649555, "user/mode": "user", "imu/acl_x": 1.5102241039276123, "imu/acl_y": -14.925721168518066, "imu/acl_z": 0.990471601486206, "imu/gyr_x": 0.036651913076639175, "imu/gyr_y": 0.5323254466056824, "imu/gyr_z": 0.14137166738510132, "milliseconds": 47658}