{"cam/image_array_a": "88_cam-image_array_a_.jpg", "cam/image_array_b": "88_cam-image_array_b_.png", "user/angle": 0.0, "user/throttle": 0.06881923886837367, "user/mode": "user", "imu/acl_x": 0.5687856674194336, "imu/acl_y": -10.306788444519043, "imu/acl_z": 0.5883989930152893, "imu/gyr_x": -0.03490658476948738, "imu/gyr_y": 0.0890117883682251, "imu/gyr_z": 0.01745329238474369, "milliseconds": 32638}