{"cam/image_array_a": "406_cam-image_array_a_.jpg", "cam/image_array_b": "406_cam-image_array_b_.png", "user/angle": 0.0, "user/throttle": 0.14333017975402082, "user/mode": "user", "imu/acl_x": -1.1081514358520508, "imu/acl_y": -10.24794864654541, "imu/acl_z": 0.823758602142334, "imu/gyr_x": 0.057595863938331604, "imu/gyr_y": 0.008726646192371845, "imu/gyr_z": -0.12566369771957397, "milliseconds": 49001}