{"cam/image_array_a": "174_cam-image_array_a_.jpg", "cam/image_array_b": "174_cam-image_array_b_.png", "user/angle": -1.0, "user/throttle": 0.06009094515823847, "user/mode": "user", "imu/acl_x": -6.1095428466796875, "imu/acl_y": -12.836904525756836, "imu/acl_z": -3.7363336086273193, "imu/gyr_x": 0.4031710624694824, "imu/gyr_y": -2.1799161434173584, "imu/gyr_z": -0.07155849784612656, "milliseconds": 37007}