{"cam/image_array_a": "107_cam-image_array_a_.jpg", "cam/image_array_b": "107_cam-image_array_b_.png", "user/angle": 0.0, "user/throttle": 0.20441297647022919, "user/mode": "user", "imu/acl_x": 3.422520875930786, "imu/acl_y": -11.414939880371094, "imu/acl_z": 1.833843469619751, "imu/gyr_x": 0.20071285963058472, "imu/gyr_y": -0.813323438167572, "imu/gyr_z": 0.19024088978767395, "milliseconds": 33600}