{"cam/image_array_a": "133_cam-image_array_a_.jpg", "cam/image_array_b": "133_cam-image_array_b_.png", "user/angle": 0.32764671773430587, "user/throttle": 0.20198675496688742, "user/mode": "user", "imu/acl_x": -0.14709974825382233, "imu/acl_y": -9.747809410095215, "imu/acl_z": -0.04903324693441391, "imu/gyr_x": 0.12042772024869919, "imu/gyr_y": 0.7051129937171936, "imu/gyr_z": -0.12217304855585098, "milliseconds": 34952}