{"cam/image_array_a": "309_cam-image_array_a_.jpg", "cam/image_array_b": "309_cam-image_array_b_.png", "user/angle": 0.011688589129306926, "user/throttle": 0.13734855189672537, "user/mode": "user", "imu/acl_x": -0.34323275089263916, "imu/acl_y": -11.650300025939941, "imu/acl_z": -0.16671304404735565, "imu/gyr_x": 0.06283184885978699, "imu/gyr_y": 0.29845130443573, "imu/gyr_z": -0.21991148591041565, "milliseconds": 43915}