{"cam/image_array_a": "300_cam-image_array_a_.jpg", "cam/image_array_b": "300_cam-image_array_b_.png", "user/angle": 0.0, "user/throttle": 0.08882412182988983, "user/mode": "user", "imu/acl_x": 0.08825984597206116, "imu/acl_y": -11.091320991516113, "imu/acl_z": 0.6472389101982117, "imu/gyr_x": -0.04363323003053665, "imu/gyr_y": 0.39793506264686584, "imu/gyr_z": 0.13962633907794952, "milliseconds": 43480}