{"cam/image_array_a": "377_cam-image_array_a_.jpg", "cam/image_array_b": "377_cam-image_array_b_.png", "user/angle": 0.0, "user/throttle": 0.013718070009460738, "user/mode": "user", "imu/acl_x": -0.34323275089263916, "imu/acl_y": -10.110655784606934, "imu/acl_z": 0.45110589265823364, "imu/gyr_x": 0.4642575681209564, "imu/gyr_y": 0.024434609338641167, "imu/gyr_z": -0.06806784123182297, "milliseconds": 47351}