{"cam/image_array_a": "144_cam-image_array_a_.jpg", "cam/image_array_b": "144_cam-image_array_b_.png", "user/angle": 0.0, "user/throttle": 0.22640156254768518, "user/mode": "user", "imu/acl_x": -3.481360673904419, "imu/acl_y": -12.071986198425293, "imu/acl_z": 0.9120184183120728, "imu/gyr_x": 0.3455751836299896, "imu/gyr_y": -0.5183627605438232, "imu/gyr_z": -0.03490658476948738, "milliseconds": 35474}