{"cam/image_array_a": "407_cam-image_array_a_.jpg", "cam/image_array_b": "407_cam-image_array_b_.png", "user/angle": 0.0, "user/throttle": 0.18457594531083102, "user/mode": "user", "imu/acl_x": -0.6864655017852783, "imu/acl_y": -9.041730880737305, "imu/acl_z": 2.0103631019592285, "imu/gyr_x": 0.006981316953897476, "imu/gyr_y": -0.01745329238474369, "imu/gyr_z": -0.04712389037013054, "milliseconds": 49038}