{"cam/image_array_a": "287_cam-image_array_a_.jpg", "cam/image_array_b": "287_cam-image_array_b_.png", "user/angle": 0.0, "user/throttle": 0.23538926358836634, "user/mode": "user", "imu/acl_x": 2.1574628353118896, "imu/acl_y": -8.316039085388184, "imu/acl_z": -0.029419949278235435, "imu/gyr_x": 0.3892084062099457, "imu/gyr_y": 1.4486232995986938, "imu/gyr_z": -0.34033921360969543, "milliseconds": 42794}