{"cam/image_array_a": "348_cam-image_array_a_.jpg", "cam/image_array_b": "348_cam-image_array_b_.png", "user/angle": -0.4965361491744743, "user/throttle": 0.16447950682088686, "user/mode": "user", "imu/acl_x": 0.8924051523208618, "imu/acl_y": -7.943386077880859, "imu/acl_z": 2.0495898723602295, "imu/gyr_x": -0.2705260217189789, "imu/gyr_y": 0.0296705961227417, "imu/gyr_z": -0.003490658476948738, "milliseconds": 45897}