{"cam/image_array_a": "114_cam-image_array_a_.jpg", "cam/image_array_b": "114_cam-image_array_b_.png", "user/angle": 0.0, "user/throttle": 0.04309213538010804, "user/mode": "user", "imu/acl_x": 0.10787314921617508, "imu/acl_y": -9.502643585205078, "imu/acl_z": 0.6472389101982117, "imu/gyr_x": -0.42760565876960754, "imu/gyr_y": 0.06108652427792549, "imu/gyr_z": 0.08552113175392151, "milliseconds": 33968}