{"cam/image_array_a": "215_cam-image_array_a_.jpg", "cam/image_array_b": "215_cam-image_array_b_.png", "user/angle": -1.0, "user/throttle": 0.23136082033753472, "user/mode": "user", "imu/acl_x": -5.148490905761719, "imu/acl_y": -7.717833518981934, "imu/acl_z": 2.677215337753296, "imu/gyr_x": -0.11519172787666321, "imu/gyr_y": -0.7853981852531433, "imu/gyr_z": -0.04886921867728233, "milliseconds": 39060}