{"cam/image_array_a": "92_cam-image_array_a_.jpg", "cam/image_array_b": "92_cam-image_array_b_.png", "user/angle": 0.0, "user/throttle": 0.076082644123661, "user/mode": "user", "imu/acl_x": -0.18632633984088898, "imu/acl_y": -10.385242462158203, "imu/acl_z": 0.990471601486206, "imu/gyr_x": 0.0890117883682251, "imu/gyr_y": 0.03316125646233559, "imu/gyr_z": -0.04014257341623306, "milliseconds": 32843}