{"cam/image_array_a": "237_cam-image_array_a_.jpg", "cam/image_array_b": "237_cam-image_array_b_.png", "user/angle": -1.0, "user/throttle": 0.1336100344859157, "user/mode": "user", "imu/acl_x": -1.5886772871017456, "imu/acl_y": -10.954028129577637, "imu/acl_z": -0.3628460466861725, "imu/gyr_x": -0.5183627605438232, "imu/gyr_y": -2.352703809738159, "imu/gyr_z": 0.6597344279289246, "milliseconds": 40265}