{"cam/image_array_a": "139_cam-image_array_a_.jpg", "cam/image_array_b": "139_cam-image_array_b_.png", "user/angle": 0.0, "user/throttle": 0.22640156254768518, "user/mode": "user", "imu/acl_x": 1.2258312702178955, "imu/acl_y": -6.815621376037598, "imu/acl_z": 3.5990405082702637, "imu/gyr_x": 0.04886921867728233, "imu/gyr_y": 0.13439035415649414, "imu/gyr_z": -0.02094395086169243, "milliseconds": 35227}