{"cam/image_array_a": "173_cam-image_array_a_.jpg", "cam/image_array_b": "173_cam-image_array_b_.png", "user/angle": -1.0, "user/throttle": 0.05142368846705527, "user/mode": "user", "imu/acl_x": -5.364237308502197, "imu/acl_y": -10.748087882995605, "imu/acl_z": -0.627625584602356, "imu/gyr_x": -0.06981316953897476, "imu/gyr_y": -1.19380521774292, "imu/gyr_z": 0.22689279913902283, "milliseconds": 36939}