{"cam/image_array_a": "11_cam-image_array_a_.jpg", "cam/image_array_b": "11_cam-image_array_b_.png", "user/angle": 0.0, "user/throttle": 0.0, "user/mode": "user", "imu/acl_x": -0.26477953791618347, "imu/acl_y": -9.747809410095215, "imu/acl_z": 0.9120184183120728, "imu/gyr_x": -0.008726646192371845, "imu/gyr_y": 0.003490658476948738, "imu/gyr_z": -0.03316125646233559, "milliseconds": 27325}