{"cam/image_array_a": "312_cam-image_array_a_.jpg", "cam/image_array_b": "312_cam-image_array_b_.png", "user/angle": 0.0, "user/throttle": 0.12889492477187414, "user/mode": "user", "imu/acl_x": 0.8041452765464783, "imu/acl_y": -10.071429252624512, "imu/acl_z": 1.4121575355529785, "imu/gyr_x": -0.16755160689353943, "imu/gyr_y": -0.031415924429893494, "imu/gyr_z": -0.2565633952617645, "milliseconds": 44087}