{"cam/image_array_a": "381_cam-image_array_a_.jpg", "cam/image_array_b": "381_cam-image_array_b_.png", "user/angle": 0.0, "user/throttle": 0.3073366496780297, "user/mode": "user", "imu/acl_x": 1.7750035524368286, "imu/acl_y": -8.502365112304688, "imu/acl_z": 2.3339827060699463, "imu/gyr_x": -0.4921828508377075, "imu/gyr_y": 0.13089969754219055, "imu/gyr_z": -0.12740904092788696, "milliseconds": 47552}