{"cam/image_array_a": "454_cam-image_array_a_.jpg", "cam/image_array_b": "454_cam-image_array_b_.png", "user/angle": 0.0, "user/throttle": 0.11662648396252327, "user/mode": "user", "imu/acl_x": -0.9512450098991394, "imu/acl_y": -10.63040828704834, "imu/acl_z": 1.1081514358520508, "imu/gyr_x": 0.015707962214946747, "imu/gyr_y": -0.036651913076639175, "imu/gyr_z": -0.10646508634090424, "milliseconds": 51411}