{"cam/image_array_a": "32_cam-image_array_a_.jpg", "cam/image_array_b": "32_cam-image_array_b_.png", "user/angle": 0.0, "user/throttle": 0.11291848506118961, "user/mode": "user", "imu/acl_x": -0.411879301071167, "imu/acl_y": -9.463417053222656, "imu/acl_z": 1.9319100379943848, "imu/gyr_x": 0.003490658476948738, "imu/gyr_y": 0.019198622554540634, "imu/gyr_z": 0.01745329238474369, "milliseconds": 29807}