{"cam/image_array_a": "104_cam-image_array_a_.jpg", "cam/image_array_b": "104_cam-image_array_b_.png", "user/angle": -0.5554979094821009, "user/throttle": 0.21053193762016664, "user/mode": "user", "imu/acl_x": -1.833843469619751, "imu/acl_y": -6.227222442626953, "imu/acl_z": 5.050424575805664, "imu/gyr_x": -0.12391837686300278, "imu/gyr_y": -0.024434609338641167, "imu/gyr_z": 0.179768905043602, "milliseconds": 33467}