{"cam/image_array_a": "327_cam-image_array_a_.jpg", "cam/image_array_b": "327_cam-image_array_b_.png", "user/angle": 0.0, "user/throttle": 0.18594927823725088, "user/mode": "user", "imu/acl_x": -2.0495898723602295, "imu/acl_y": -11.836626052856445, "imu/acl_z": 0.7845319509506226, "imu/gyr_x": -0.003490658476948738, "imu/gyr_y": 0.04886921867728233, "imu/gyr_z": -0.024434609338641167, "milliseconds": 44824}