{"cam/image_array_a": "67_cam-image_array_a_.jpg", "cam/image_array_b": "67_cam-image_array_b_.png", "user/angle": 0.0, "user/throttle": 0.14949491866817224, "user/mode": "user", "imu/acl_x": 0.127486452460289, "imu/acl_y": -10.787314414978027, "imu/acl_z": 2.3535959720611572, "imu/gyr_x": 0.08028514683246613, "imu/gyr_y": 0.09948376566171646, "imu/gyr_z": -0.1448623239994049, "milliseconds": 31575}