{"cam/image_array_a": "293_cam-image_array_a_.jpg", "cam/image_array_b": "293_cam-image_array_b_.png", "user/angle": -0.9497360148930326, "user/throttle": 0.1770836512344737, "user/mode": "user", "imu/acl_x": -0.3040061295032501, "imu/acl_y": -5.91340970993042, "imu/acl_z": 2.8929617404937744, "imu/gyr_x": -0.15533430874347687, "imu/gyr_y": 0.06806784123182297, "imu/gyr_z": -0.44854962825775146, "milliseconds": 43108}