{"cam/image_array_a": "440_cam-image_array_a_.jpg", "cam/image_array_b": "440_cam-image_array_b_.png", "user/angle": -0.7016510513626515, "user/throttle": 0.10243537705618458, "user/mode": "user", "imu/acl_x": 3.7657535076141357, "imu/acl_y": -11.777786254882812, "imu/acl_z": 1.0493115186691284, "imu/gyr_x": 0.11344639956951141, "imu/gyr_y": -0.6475171446800232, "imu/gyr_z": 0.2373647689819336, "milliseconds": 50710}