{"cam/image_array_a": "451_cam-image_array_a_.jpg", "cam/image_array_b": "451_cam-image_array_b_.png", "user/angle": 0.0, "user/throttle": 0.11662648396252327, "user/mode": "user", "imu/acl_x": 1.2748644351959229, "imu/acl_y": -10.110655784606934, "imu/acl_z": 1.3729310035705566, "imu/gyr_x": 0.03839724510908127, "imu/gyr_y": -0.7260569334030151, "imu/gyr_z": 0.10471975803375244, "milliseconds": 51261}