{"cam/image_array_a": "235_cam-image_array_a_.jpg", "cam/image_array_b": "235_cam-image_array_b_.png", "user/angle": -1.0, "user/throttle": 0.12425611133152256, "user/mode": "user", "imu/acl_x": -8.002225875854492, "imu/acl_y": -15.151273727416992, "imu/acl_z": -3.0400614738464355, "imu/gyr_x": -0.13788101077079773, "imu/gyr_y": -2.602285861968994, "imu/gyr_z": 0.404916375875473, "milliseconds": 40182}