{"cam/image_array_a": "231_cam-image_array_a_.jpg", "cam/image_array_b": "231_cam-image_array_b_.png", "user/angle": -1.0, "user/throttle": 0.12323374126407666, "user/mode": "user", "imu/acl_x": -5.629016876220703, "imu/acl_y": -10.385242462158203, "imu/acl_z": 1.667130470275879, "imu/gyr_x": 0.03316125646233559, "imu/gyr_y": -1.2095131874084473, "imu/gyr_z": 0.03316125646233559, "milliseconds": 39969}