{"cam/image_array_a": "145_cam-image_array_a_.jpg", "cam/image_array_b": "145_cam-image_array_b_.png", "user/angle": 0.0, "user/throttle": 0.22640156254768518, "user/mode": "user", "imu/acl_x": -6.187995910644531, "imu/acl_y": -11.258033752441406, "imu/acl_z": 0.3040061295032501, "imu/gyr_x": 0.2373647689819336, "imu/gyr_y": -1.2618730068206787, "imu/gyr_z": 0.11170107126235962, "milliseconds": 35528}