{"cam/image_array_a": "130_cam-image_array_a_.jpg", "cam/image_array_b": "130_cam-image_array_b_.png", "user/angle": 0.5151524399548326, "user/throttle": 0.07202368236335338, "user/mode": "user", "imu/acl_x": -0.0, "imu/acl_y": -8.718111991882324, "imu/acl_z": 0.2843928337097168, "imu/gyr_x": 0.09250245243310928, "imu/gyr_y": 0.10646508634090424, "imu/gyr_z": -0.0890117883682251, "milliseconds": 34763}