{"cam/image_array_a": "131_cam-image_array_a_.jpg", "cam/image_array_b": "131_cam-image_array_b_.png", "user/angle": 0.13217566454054383, "user/throttle": 0.0803094576860866, "user/mode": "user", "imu/acl_x": 2.9812214374542236, "imu/acl_y": -8.463138580322266, "imu/acl_z": 0.9708583354949951, "imu/gyr_x": 0.09075711667537689, "imu/gyr_y": 0.45378559827804565, "imu/gyr_z": -0.005235987715423107, "milliseconds": 34824}