{"cam/image_array_a": "266_cam-image_array_a_.jpg", "cam/image_array_b": "266_cam-image_array_b_.png", "user/angle": -0.11279641102328562, "user/throttle": 0.25601977599414044, "user/mode": "user", "imu/acl_x": -2.559535503387451, "imu/acl_y": -7.796286582946777, "imu/acl_z": 2.0692031383514404, "imu/gyr_x": -0.5672320127487183, "imu/gyr_y": 1.5550884008407593, "imu/gyr_z": -0.3735004663467407, "milliseconds": 41739}