{"cam/image_array_a": "44_cam-image_array_a_.jpg", "cam/image_array_b": "44_cam-image_array_b_.png", "user/angle": 0.0, "user/throttle": 0.11473433637501144, "user/mode": "user", "imu/acl_x": 0.06864655017852783, "imu/acl_y": -9.502643585205078, "imu/acl_z": 1.8730701208114624, "imu/gyr_x": 0.001745329238474369, "imu/gyr_y": 0.01745329238474369, "imu/gyr_z": 0.04712389037013054, "milliseconds": 30449}