{"cam/image_array_a": "271_cam-image_array_a_.jpg", "cam/image_array_b": "271_cam-image_array_b_.png", "user/angle": 0.0, "user/throttle": 0.24912259285256508, "user/mode": "user", "imu/acl_x": 0.8335652351379395, "imu/acl_y": -4.785645008087158, "imu/acl_z": 3.461747407913208, "imu/gyr_x": -0.16929693520069122, "imu/gyr_y": 0.003490658476948738, "imu/gyr_z": -0.4450589418411255, "milliseconds": 41990}