{"cam/image_array_a": "119_cam-image_array_a_.jpg", "cam/image_array_b": "119_cam-image_array_b_.png", "user/angle": 0.0, "user/throttle": 0.09318826868495743, "user/mode": "user", "imu/acl_x": -2.5399222373962402, "imu/acl_y": -5.687856674194336, "imu/acl_z": 1.5102241039276123, "imu/gyr_x": -0.21642082929611206, "imu/gyr_y": -1.034980297088623, "imu/gyr_z": 0.2565633952617645, "milliseconds": 34209}