{"cam/image_array_a": "72_cam-image_array_a_.jpg", "cam/image_array_b": "72_cam-image_array_b_.png", "user/angle": 0.0, "user/throttle": 0.14949491866817224, "user/mode": "user", "imu/acl_x": -0.45110589265823364, "imu/acl_y": -11.297260284423828, "imu/acl_z": 2.392822504043579, "imu/gyr_x": 0.012217304669320583, "imu/gyr_y": 0.05235987901687622, "imu/gyr_z": -0.01745329238474369, "milliseconds": 31842}