{"cam/image_array_a": "460_cam-image_array_a_.jpg", "cam/image_array_b": "460_cam-image_array_b_.png", "user/angle": 0.0, "user/throttle": 0.23952452162236396, "user/mode": "user", "imu/acl_x": 1.3533176183700562, "imu/acl_y": -7.296147346496582, "imu/acl_z": 5.550563812255859, "imu/gyr_x": -0.13613568246364594, "imu/gyr_y": 0.07853981852531433, "imu/gyr_z": 0.14137166738510132, "milliseconds": 51715}