{"cam/image_array_a": "194_cam-image_array_a_.jpg", "cam/image_array_b": "194_cam-image_array_b_.png", "user/angle": 0.0, "user/throttle": 0.22780541398358103, "user/mode": "user", "imu/acl_x": 0.4314925968647003, "imu/acl_y": -7.9629998207092285, "imu/acl_z": 3.0596747398376465, "imu/gyr_x": -0.2321287840604782, "imu/gyr_y": 0.1762782484292984, "imu/gyr_z": 0.057595863938331604, "milliseconds": 38000}