{"cam/image_array_a": "273_cam-image_array_a_.jpg", "cam/image_array_b": "273_cam-image_array_b_.png", "user/angle": -1.0, "user/throttle": 0.24912259285256508, "user/mode": "user", "imu/acl_x": 0.725692093372345, "imu/acl_y": -3.7853667736053467, "imu/acl_z": 5.491724014282227, "imu/gyr_x": -0.13962633907794952, "imu/gyr_y": 0.1448623239994049, "imu/gyr_z": -0.17104226350784302, "milliseconds": 42090}