{"cam/image_array_a": "157_cam-image_array_a_.jpg", "cam/image_array_b": "157_cam-image_array_b_.png", "user/angle": 0.0, "user/throttle": 0.20258186590166935, "user/mode": "user", "imu/acl_x": -0.3824593424797058, "imu/acl_y": -11.954305648803711, "imu/acl_z": 0.7649186849594116, "imu/gyr_x": -0.19547687470912933, "imu/gyr_y": 0.06283184885978699, "imu/gyr_z": -0.19024088978767395, "milliseconds": 36131}