{"cam/image_array_a": "51_cam-image_array_a_.jpg", "cam/image_array_b": "51_cam-image_array_b_.png", "user/angle": -0.5749076815088351, "user/throttle": 0.14178899502548295, "user/mode": "user", "imu/acl_x": -0.3824593424797058, "imu/acl_y": -9.483030319213867, "imu/acl_z": 2.490889072418213, "imu/gyr_x": 0.015707962214946747, "imu/gyr_y": 0.008726646192371845, "imu/gyr_z": -0.022689279168844223, "milliseconds": 30769}