{"cam/image_array_a": "37_cam-image_array_a_.jpg", "cam/image_array_b": "37_cam-image_array_b_.png", "user/angle": 0.0, "user/throttle": 0.11291848506118961, "user/mode": "user", "imu/acl_x": 0.06864655017852783, "imu/acl_y": -9.061344146728516, "imu/acl_z": 2.7556686401367188, "imu/gyr_x": -0.01745329238474369, "imu/gyr_y": -0.015707962214946747, "imu/gyr_z": -0.019198622554540634, "milliseconds": 30065}