{"cam/image_array_a": "434_cam-image_array_a_.jpg", "cam/image_array_b": "434_cam-image_array_b_.png", "user/angle": 0.0, "user/throttle": 0.08674886318552202, "user/mode": "user", "imu/acl_x": -7.85512638092041, "imu/acl_y": -9.365350723266602, "imu/acl_z": -0.24516624212265015, "imu/gyr_x": -0.16929693520069122, "imu/gyr_y": -1.7592918872833252, "imu/gyr_z": 0.28274333477020264, "milliseconds": 50409}