{"cam/image_array_a": "158_cam-image_array_a_.jpg", "cam/image_array_b": "158_cam-image_array_b_.png", "user/angle": 0.0, "user/throttle": 0.2541428876613666, "user/mode": "user", "imu/acl_x": -0.32361945509910583, "imu/acl_y": -6.227222442626953, "imu/acl_z": 2.2163028717041016, "imu/gyr_x": -0.045378558337688446, "imu/gyr_y": 0.18151423335075378, "imu/gyr_z": -0.2076941728591919, "milliseconds": 36182}