{"cam/image_array_a": "393_cam-image_array_a_.jpg", "cam/image_array_b": "393_cam-image_array_b_.png", "user/angle": 0.0, "user/throttle": 0.03576769310586871, "user/mode": "user", "imu/acl_x": -4.60912561416626, "imu/acl_y": -11.22861385345459, "imu/acl_z": -0.509945809841156, "imu/gyr_x": -0.05235987901687622, "imu/gyr_y": -1.19380521774292, "imu/gyr_z": 0.18151423335075378, "milliseconds": 48167}