{"cam/image_array_a": "402_cam-image_array_a_.jpg", "cam/image_array_b": "402_cam-image_array_b_.png", "user/angle": 0.0, "user/throttle": 0.05754264961699271, "user/mode": "user", "imu/acl_x": -1.647517204284668, "imu/acl_y": -10.954028129577637, "imu/acl_z": 0.40207263827323914, "imu/gyr_x": -0.04188790172338486, "imu/gyr_y": 0.29845130443573, "imu/gyr_z": -0.008726646192371845, "milliseconds": 48778}