{"cam/image_array_a": "20_cam-image_array_a_.jpg", "cam/image_array_b": "20_cam-image_array_b_.png", "user/angle": 0.0, "user/throttle": 0.17207098605304116, "user/mode": "user", "imu/acl_x": 0.06864655017852783, "imu/acl_y": -11.836626052856445, "imu/acl_z": 5.383850574493408, "imu/gyr_x": -0.0872664600610733, "imu/gyr_y": 0.24260076880455017, "imu/gyr_z": 0.01745329238474369, "milliseconds": 28427}