{"cam/image_array_a": "22_cam-image_array_a_.jpg", "cam/image_array_b": "22_cam-image_array_b_.png", "user/angle": 0.0, "user/throttle": 0.0, "user/mode": "user", "imu/acl_x": -0.14709974825382233, "imu/acl_y": -10.208722114562988, "imu/acl_z": 0.34323275089263916, "imu/gyr_x": 0.06981316953897476, "imu/gyr_y": 0.05585053563117981, "imu/gyr_z": -0.024434609338641167, "milliseconds": 28777}