{"cam/image_array_a": "2_cam-image_array_a_.jpg", "cam/image_array_b": "2_cam-image_array_b_.png", "user/angle": 0.0, "user/throttle": 0.5, "user/mode": "user", "imu/acl_x": -0.04903324693441391, "imu/acl_y": -9.63012981414795, "imu/acl_z": 1.9711365699768066, "imu/gyr_x": -0.003490658476948738, "imu/gyr_y": 0.005235987715423107, "imu/gyr_z": 0.013962633907794952, "milliseconds": 5955}