{"cam/image_array_a": "295_cam-image_array_a_.jpg", "cam/image_array_b": "295_cam-image_array_b_.png", "user/angle": 0.0, "user/throttle": 0.10029908139286477, "user/mode": "user", "imu/acl_x": -6.835235118865967, "imu/acl_y": -8.365072250366211, "imu/acl_z": 0.7845319509506226, "imu/gyr_x": 0.2042035162448883, "imu/gyr_y": -1.5620696544647217, "imu/gyr_z": 0.022689279168844223, "milliseconds": 43209}