{"cam/image_array_a": "319_cam-image_array_a_.jpg", "cam/image_array_b": "319_cam-image_array_b_.png", "user/angle": 0.0, "user/throttle": 0.12794885097811823, "user/mode": "user", "imu/acl_x": 0.04903324693441391, "imu/acl_y": -12.199472427368164, "imu/acl_z": 1.7357770204544067, "imu/gyr_x": 0.3246312439441681, "imu/gyr_y": 0.28274333477020264, "imu/gyr_z": -0.12391837686300278, "milliseconds": 44421}