{"cam/image_array_a": "429_cam-image_array_a_.jpg", "cam/image_array_b": "429_cam-image_array_b_.png", "user/angle": -1.0, "user/throttle": 0.17299417096469008, "user/mode": "user", "imu/acl_x": -2.9812214374542236, "imu/acl_y": -9.365350723266602, "imu/acl_z": 1.255251169204712, "imu/gyr_x": -0.11344639956951141, "imu/gyr_y": -2.171189546585083, "imu/gyr_z": 0.4118976891040802, "milliseconds": 50150}