{"cam/image_array_a": "386_cam-image_array_a_.jpg", "cam/image_array_b": "386_cam-image_array_b_.png", "user/angle": 0.0, "user/throttle": 0.1795403912472915, "user/mode": "user", "imu/acl_x": 1.8926833868026733, "imu/acl_y": -6.648908615112305, "imu/acl_z": 0.9316317439079285, "imu/gyr_x": 0.036651913076639175, "imu/gyr_y": 0.15184363722801208, "imu/gyr_z": 0.3001966178417206, "milliseconds": 47811}