{"cam/image_array_a": "33_cam-image_array_a_.jpg", "cam/image_array_b": "33_cam-image_array_b_.png", "user/angle": 0.0, "user/throttle": 0.11291848506118961, "user/mode": "user", "imu/acl_x": -0.34323275089263916, "imu/acl_y": -9.522256851196289, "imu/acl_z": 1.4906107187271118, "imu/gyr_x": -0.0296705961227417, "imu/gyr_y": 0.03490658476948738, "imu/gyr_z": -0.006981316953897476, "milliseconds": 29844}