{"cam/image_array_a": "351_cam-image_array_a_.jpg", "cam/image_array_b": "351_cam-image_array_b_.png", "user/angle": -0.8926053651539659, "user/throttle": 0.18286690878017517, "user/mode": "user", "imu/acl_x": -2.2751426696777344, "imu/acl_y": -9.247671127319336, "imu/acl_z": 0.6668521761894226, "imu/gyr_x": 0.09948376566171646, "imu/gyr_y": -1.0018190145492554, "imu/gyr_z": 0.21642082929611206, "milliseconds": 46027}