{"cam/image_array_a": "172_cam-image_array_a_.jpg", "cam/image_array_b": "172_cam-image_array_b_.png", "user/angle": -1.0, "user/throttle": 0.07593005157628102, "user/mode": "user", "imu/acl_x": -4.560091972351074, "imu/acl_y": -8.659272193908691, "imu/acl_z": -0.3628460466861725, "imu/gyr_x": 0.013962633907794952, "imu/gyr_y": -0.6038839221000671, "imu/gyr_z": -0.024434609338641167, "milliseconds": 36891}