{"cam/image_array_a": "206_cam-image_array_a_.jpg", "cam/image_array_b": "206_cam-image_array_b_.png", "user/angle": 0.0, "user/throttle": 0.1750083925901059, "user/mode": "user", "imu/acl_x": -0.5883989930152893, "imu/acl_y": -10.767701148986816, "imu/acl_z": 1.5102241039276123, "imu/gyr_x": 0.3473205268383026, "imu/gyr_y": 0.22514747083187103, "imu/gyr_z": -0.3822270929813385, "milliseconds": 38597}