{"cam/image_array_a": "328_cam-image_array_a_.jpg", "cam/image_array_b": "328_cam-image_array_b_.png", "user/angle": 0.0, "user/throttle": 0.20392468031861324, "user/mode": "user", "imu/acl_x": 0.32361945509910583, "imu/acl_y": -9.286897659301758, "imu/acl_z": 2.9812214374542236, "imu/gyr_x": 0.3508111834526062, "imu/gyr_y": -0.13788101077079773, "imu/gyr_z": 0.0872664600610733, "milliseconds": 44879}