{"cam/image_array_a": "360_cam-image_array_a_.jpg", "cam/image_array_b": "360_cam-image_array_b_.png", "user/angle": 0.0, "user/throttle": 0.19266335032197027, "user/mode": "user", "imu/acl_x": 2.0692031383514404, "imu/acl_y": -10.689248085021973, "imu/acl_z": 1.7750035524368286, "imu/gyr_x": 0.4153883457183838, "imu/gyr_y": -1.2985249757766724, "imu/gyr_z": 0.16755160689353943, "milliseconds": 46497}