{"cam/image_array_a": "211_cam-image_array_a_.jpg", "cam/image_array_b": "211_cam-image_array_b_.png", "user/angle": 0.0, "user/throttle": 0.2217627491073336, "user/mode": "user", "imu/acl_x": 4.265892505645752, "imu/acl_y": -11.797399520874023, "imu/acl_z": 1.5102241039276123, "imu/gyr_x": 0.4921828508377075, "imu/gyr_y": 1.8430676460266113, "imu/gyr_z": -0.0890117883682251, "milliseconds": 38847}