{"cam/image_array_a": "59_cam-image_array_a_.jpg", "cam/image_array_b": "59_cam-image_array_b_.png", "user/angle": 0.0, "user/throttle": 0.1467940305795465, "user/mode": "user", "imu/acl_x": -1.5298373699188232, "imu/acl_y": -8.786758422851562, "imu/acl_z": 2.490889072418213, "imu/gyr_x": 0.03839724510908127, "imu/gyr_y": -0.24958208203315735, "imu/gyr_z": 0.008726646192371845, "milliseconds": 31187}