{"cam/image_array_a": "259_cam-image_array_a_.jpg", "cam/image_array_b": "259_cam-image_array_b_.png", "user/angle": 0.0, "user/throttle": 0.25589770195623646, "user/mode": "user", "imu/acl_x": 3.7657535076141357, "imu/acl_y": -10.610795021057129, "imu/acl_z": 2.8341217041015625, "imu/gyr_x": 0.45378559827804565, "imu/gyr_y": -0.30194196105003357, "imu/gyr_z": -0.19198621809482574, "milliseconds": 41376}