{"cam/image_array_a": "244_cam-image_array_a_.jpg", "cam/image_array_b": "244_cam-image_array_b_.png", "user/angle": 0.0, "user/throttle": 0.19595934934537798, "user/mode": "user", "imu/acl_x": 0.5687856674194336, "imu/acl_y": -8.443525314331055, "imu/acl_z": 3.177354574203491, "imu/gyr_x": -0.30892327427864075, "imu/gyr_y": -0.7958701252937317, "imu/gyr_z": 0.13089969754219055, "milliseconds": 40622}