{"cam/image_array_a": "366_cam-image_array_a_.jpg", "cam/image_array_b": "366_cam-image_array_b_.png", "user/angle": -1.0, "user/throttle": 0.30486465041047395, "user/mode": "user", "imu/acl_x": -0.34323275089263916, "imu/acl_y": -12.052372932434082, "imu/acl_z": 1.255251169204712, "imu/gyr_x": 0.2949606478214264, "imu/gyr_y": 0.2652900516986847, "imu/gyr_z": -0.05585053563117981, "milliseconds": 46818}