{"cam/image_array_a": "18_cam-image_array_a_.jpg", "cam/image_array_b": "18_cam-image_array_b_.png", "user/angle": 0.0, "user/throttle": 0.2577898495437483, "user/mode": "user", "imu/acl_x": -0.0, "imu/acl_y": -9.522256851196289, "imu/acl_z": 1.9515233039855957, "imu/gyr_x": -0.006981316953897476, "imu/gyr_y": 0.003490658476948738, "imu/gyr_z": 0.015707962214946747, "milliseconds": 28329}