{"cam/image_array_a": "101_cam-image_array_a_.jpg", "cam/image_array_b": "101_cam-image_array_b_.png", "user/angle": 0.0, "user/throttle": 0.23305459761345257, "user/mode": "user", "imu/acl_x": -1.1277647018432617, "imu/acl_y": -7.502087116241455, "imu/acl_z": 4.766031742095947, "imu/gyr_x": -0.116937056183815, "imu/gyr_y": 0.04014257341623306, "imu/gyr_z": -0.22689279913902283, "milliseconds": 33294}