{"cam/image_array_a": "226_cam-image_array_a_.jpg", "cam/image_array_b": "226_cam-image_array_b_.png", "user/angle": 0.0, "user/throttle": 0.19885860774559772, "user/mode": "user", "imu/acl_x": 3.8638200759887695, "imu/acl_y": -6.354709148406982, "imu/acl_z": 1.431770920753479, "imu/gyr_x": -0.2705260217189789, "imu/gyr_y": 2.2671825885772705, "imu/gyr_z": -0.8220500946044922, "milliseconds": 39641}