{"cam/image_array_a": "344_cam-image_array_a_.jpg", "cam/image_array_b": "344_cam-image_array_b_.png", "user/angle": 0.0, "user/throttle": 0.11842707602160711, "user/mode": "user", "imu/acl_x": 1.2258312702178955, "imu/acl_y": -11.856239318847656, "imu/acl_z": 1.6965503692626953, "imu/gyr_x": -0.013962633907794952, "imu/gyr_y": 0.024434609338641167, "imu/gyr_z": 0.10297442227602005, "milliseconds": 45683}