{"cam/image_array_a": "446_cam-image_array_a_.jpg", "cam/image_array_b": "446_cam-image_array_b_.png", "user/angle": -1.0, "user/throttle": 0.11035493026520585, "user/mode": "user", "imu/acl_x": -0.3824593424797058, "imu/acl_y": -9.64974308013916, "imu/acl_z": 0.06864655017852783, "imu/gyr_x": -0.09424778074026108, "imu/gyr_y": -1.2601276636123657, "imu/gyr_z": 0.2076941728591919, "milliseconds": 51012}