{"cam/image_array_a": "380_cam-image_array_a_.jpg", "cam/image_array_b": "380_cam-image_array_b_.png", "user/angle": 0.0, "user/throttle": 0.31340983306375314, "user/mode": "user", "imu/acl_x": -0.5687856674194336, "imu/acl_y": -13.739116668701172, "imu/acl_z": -0.5883989930152893, "imu/gyr_x": 0.42935100197792053, "imu/gyr_y": -0.006981316953897476, "imu/gyr_z": -0.23911011219024658, "milliseconds": 47501}