{"cam/image_array_a": "398_cam-image_array_a_.jpg", "cam/image_array_b": "398_cam-image_array_b_.png", "user/angle": 1.0, "user/throttle": 0.010254219183935057, "user/mode": "user", "imu/acl_x": 1.5494506359100342, "imu/acl_y": -9.92432975769043, "imu/acl_z": 1.3533176183700562, "imu/gyr_x": -0.18151423335075378, "imu/gyr_y": 0.25132739543914795, "imu/gyr_z": 0.1466076523065567, "milliseconds": 48477}