{"cam/image_array_a": "359_cam-image_array_a_.jpg", "cam/image_array_b": "359_cam-image_array_b_.png", "user/angle": 0.0, "user/throttle": 0.17555772576067386, "user/mode": "user", "imu/acl_x": -2.9125750064849854, "imu/acl_y": -12.817291259765625, "imu/acl_z": -1.5690639019012451, "imu/gyr_x": 0.06283184885978699, "imu/gyr_y": -1.8919368982315063, "imu/gyr_z": -0.1745329201221466, "milliseconds": 46446}