{"cam/image_array_a": "320_cam-image_array_a_.jpg", "cam/image_array_b": "320_cam-image_array_b_.png", "user/angle": 0.0, "user/throttle": 0.13780632953886532, "user/mode": "user", "imu/acl_x": -0.22555294632911682, "imu/acl_y": -8.423912048339844, "imu/acl_z": 1.4121575355529785, "imu/gyr_x": -0.27576202154159546, "imu/gyr_y": 0.19198621809482574, "imu/gyr_z": -0.03316125646233559, "milliseconds": 44492}