{"cam/image_array_a": "201_cam-image_array_a_.jpg", "cam/image_array_b": "201_cam-image_array_b_.png", "user/angle": 0.0, "user/throttle": 0.21677297280800806, "user/mode": "user", "imu/acl_x": 2.1378495693206787, "imu/acl_y": -6.413548946380615, "imu/acl_z": 4.60912561416626, "imu/gyr_x": -0.34033921360969543, "imu/gyr_y": -0.767944872379303, "imu/gyr_z": 0.05585053563117981, "milliseconds": 38345}