{"cam/image_array_a": "278_cam-image_array_a_.jpg", "cam/image_array_b": "278_cam-image_array_b_.png", "user/angle": -1.0, "user/throttle": 0.2325815607165746, "user/mode": "user", "imu/acl_x": -1.3140910863876343, "imu/acl_y": -12.493671417236328, "imu/acl_z": 1.6082905530929565, "imu/gyr_x": 0.013962633907794952, "imu/gyr_y": -1.1833332777023315, "imu/gyr_z": 0.07679449021816254, "milliseconds": 42341}