{"cam/image_array_a": "240_cam-image_array_a_.jpg", "cam/image_array_b": "240_cam-image_array_b_.png", "user/angle": -1.0, "user/throttle": 0.1835993530075991, "user/mode": "user", "imu/acl_x": -3.177354574203491, "imu/acl_y": -4.766031742095947, "imu/acl_z": 4.22666597366333, "imu/gyr_x": -0.6038839221000671, "imu/gyr_y": -2.2305307388305664, "imu/gyr_z": 0.3490658402442932, "milliseconds": 40411}