{"cam/image_array_a": "222_cam-image_array_a_.jpg", "cam/image_array_b": "222_cam-image_array_b_.png", "user/angle": 0.49406414990691855, "user/throttle": 0.2631000701925718, "user/mode": "user", "imu/acl_x": 0.3040061295032501, "imu/acl_y": -11.73855972290039, "imu/acl_z": 2.0299766063690186, "imu/gyr_x": 0.04712389037013054, "imu/gyr_y": 0.2862339913845062, "imu/gyr_z": 0.09250245243310928, "milliseconds": 39434}