{"cam/image_array_a": "24_cam-image_array_a_.jpg", "cam/image_array_b": "24_cam-image_array_b_.png", "user/angle": 0.0, "user/throttle": 0.03941465498825037, "user/mode": "user", "imu/acl_x": -0.127486452460289, "imu/acl_y": -10.03220272064209, "imu/acl_z": 1.206217885017395, "imu/gyr_x": 0.012217304669320583, "imu/gyr_y": 0.0, "imu/gyr_z": 0.01745329238474369, "milliseconds": 29388}