{"cam/image_array_a": "82_cam-image_array_a_.jpg", "cam/image_array_b": "82_cam-image_array_b_.png", "user/angle": 0.0, "user/throttle": 0.11467329935605945, "user/mode": "user", "imu/acl_x": 0.08825984597206116, "imu/acl_y": -9.904716491699219, "imu/acl_z": 1.5102241039276123, "imu/gyr_x": 0.09250245243310928, "imu/gyr_y": 0.027925267815589905, "imu/gyr_z": 0.045378558337688446, "milliseconds": 32340}