{"cam/image_array_a": "98_cam-image_array_a_.jpg", "cam/image_array_b": "98_cam-image_array_b_.png", "user/angle": 0.0, "user/throttle": 0.2347483748893704, "user/mode": "user", "imu/acl_x": 0.029419949278235435, "imu/acl_y": -9.424190521240234, "imu/acl_z": 3.7167203426361084, "imu/gyr_x": 0.06108652427792549, "imu/gyr_y": 0.09250245243310928, "imu/gyr_z": -0.02617993950843811, "milliseconds": 33140}