{"cam/image_array_a": "422_cam-image_array_a_.jpg", "cam/image_array_b": "422_cam-image_array_b_.png", "user/angle": 0.0, "user/throttle": 0.17975402081362346, "user/mode": "user", "imu/acl_x": -0.7845319509506226, "imu/acl_y": -10.532341957092285, "imu/acl_z": 1.0493115186691284, "imu/gyr_x": -0.001745329238474369, "imu/gyr_y": 0.28274333477020264, "imu/gyr_z": -0.24958208203315735, "milliseconds": 49791}