{"cam/image_array_a": "184_cam-image_array_a_.jpg", "cam/image_array_b": "184_cam-image_array_b_.png", "user/angle": -1.0, "user/throttle": 0.13774529251991333, "user/mode": "user", "imu/acl_x": -5.187717914581299, "imu/acl_y": -11.091320991516113, "imu/acl_z": 0.6080122590065002, "imu/gyr_x": 0.07504915446043015, "imu/gyr_y": -1.192059874534607, "imu/gyr_z": -0.06632251292467117, "milliseconds": 37490}