{"cam/image_array_a": "35_cam-image_array_a_.jpg", "cam/image_array_b": "35_cam-image_array_b_.png", "user/angle": -0.4847560045167394, "user/throttle": 0.11291848506118961, "user/mode": "user", "imu/acl_x": 0.627625584602356, "imu/acl_y": -9.179023742675781, "imu/acl_z": 2.8929617404937744, "imu/gyr_x": -0.003490658476948738, "imu/gyr_y": 0.04712389037013054, "imu/gyr_z": 0.06108652427792549, "milliseconds": 29961}