{"cam/image_array_a": "96_cam-image_array_a_.jpg", "cam/image_array_b": "96_cam-image_array_b_.png", "user/angle": 0.0, "user/throttle": 0.2151554918057802, "user/mode": "user", "imu/acl_x": 0.18632633984088898, "imu/acl_y": -8.825984954833984, "imu/acl_z": 1.9907499551773071, "imu/gyr_x": -0.08028514683246613, "imu/gyr_y": 0.0, "imu/gyr_z": -0.005235987715423107, "milliseconds": 33042}