{"cam/image_array_a": "56_cam-image_array_a_.jpg", "cam/image_array_b": "56_cam-image_array_b_.png", "user/angle": 0.0, "user/throttle": 0.1467940305795465, "user/mode": "user", "imu/acl_x": 0.9316317439079285, "imu/acl_y": -10.748087882995605, "imu/acl_z": 2.2163028717041016, "imu/gyr_x": -0.10646508634090424, "imu/gyr_y": 0.031415924429893494, "imu/gyr_z": 0.08028514683246613, "milliseconds": 31030}