{"cam/image_array_a": "124_cam-image_array_a_.jpg", "cam/image_array_b": "124_cam-image_array_b_.png", "user/angle": 0.0, "user/throttle": 0.1760307626575518, "user/mode": "user", "imu/acl_x": -1.010084867477417, "imu/acl_y": -11.071707725524902, "imu/acl_z": 1.3337043523788452, "imu/gyr_x": 0.1745329201221466, "imu/gyr_y": 0.0296705961227417, "imu/gyr_z": -0.10297442227602005, "milliseconds": 34466}