{"cam/image_array_a": "23_cam-image_array_a_.jpg", "cam/image_array_b": "23_cam-image_array_b_.png", "user/angle": 0.0, "user/throttle": -0.07596819971312602, "user/mode": "user", "imu/acl_x": 0.127486452460289, "imu/acl_y": -10.806927680969238, "imu/acl_z": 0.8041452765464783, "imu/gyr_x": 0.06108652427792549, "imu/gyr_y": 0.0, "imu/gyr_z": -0.024434609338641167, "milliseconds": 28827}