{"cam/image_array_a": "261_cam-image_array_a_.jpg", "cam/image_array_b": "261_cam-image_array_b_.png", "user/angle": 1.0, "user/throttle": 0.2878963591418195, "user/mode": "user", "imu/acl_x": 1.45138418674469, "imu/acl_y": -9.581096649169922, "imu/acl_z": 3.481360673904419, "imu/gyr_x": -0.12915436923503876, "imu/gyr_y": 0.2583087384700775, "imu/gyr_z": 0.13613568246364594, "milliseconds": 41508}