{"cam/image_array_a": "461_cam-image_array_a_.jpg", "cam/image_array_b": "461_cam-image_array_b_.png", "user/angle": 0.0, "user/throttle": 0.2294381542405469, "user/mode": "user", "imu/acl_x": -0.2843928337097168, "imu/acl_y": -10.24794864654541, "imu/acl_z": 3.6382670402526855, "imu/gyr_x": 0.08377580344676971, "imu/gyr_y": 0.001745329238474369, "imu/gyr_z": -0.16057029366493225, "milliseconds": 51778}