{"cam/image_array_a": "318_cam-image_array_a_.jpg", "cam/image_array_b": "318_cam-image_array_b_.png", "user/angle": 0.0, "user/throttle": 0.12794885097811823, "user/mode": "user", "imu/acl_x": 0.6080122590065002, "imu/acl_y": -11.375713348388672, "imu/acl_z": 2.0692031383514404, "imu/gyr_x": -0.21642082929611206, "imu/gyr_y": 0.19373154640197754, "imu/gyr_z": -0.04014257341623306, "milliseconds": 44373}