{"cam/image_array_a": "467_cam-image_array_a_.jpg", "cam/image_array_b": "467_cam-image_array_b_.png", "user/angle": 0.0, "user/throttle": 0.21932126834925383, "user/mode": "user", "imu/acl_x": 0.45110589265823364, "imu/acl_y": -8.639657974243164, "imu/acl_z": 3.1185145378112793, "imu/gyr_x": -0.1431169956922531, "imu/gyr_y": 0.012217304669320583, "imu/gyr_z": -0.23387411236763, "milliseconds": 52077}