{"cam/image_array_a": "60_cam-image_array_a_.jpg", "cam/image_array_b": "60_cam-image_array_b_.png", "user/angle": 0.0, "user/throttle": 0.1467940305795465, "user/mode": "user", "imu/acl_x": -0.14709974825382233, "imu/acl_y": -8.825984954833984, "imu/acl_z": 2.373209238052368, "imu/gyr_x": -0.07155849784612656, "imu/gyr_y": -0.36302846670150757, "imu/gyr_z": 0.045378558337688446, "milliseconds": 31229}