{"cam/image_array_a": "459_cam-image_array_a_.jpg", "cam/image_array_b": "459_cam-image_array_b_.png", "user/angle": 0.0, "user/throttle": 0.23841059602649006, "user/mode": "user", "imu/acl_x": -0.3628460466861725, "imu/acl_y": -8.25719928741455, "imu/acl_z": 4.324732780456543, "imu/gyr_x": -0.15358898043632507, "imu/gyr_y": 0.03490658476948738, "imu/gyr_z": 0.07330382615327835, "milliseconds": 51673}