{"cam/image_array_a": "403_cam-image_array_a_.jpg", "cam/image_array_b": "403_cam-image_array_b_.png", "user/angle": 0.0, "user/throttle": 0.07373271889400922, "user/mode": "user", "imu/acl_x": 0.14709974825382233, "imu/acl_y": -11.777786254882812, "imu/acl_z": 0.8335652351379395, "imu/gyr_x": 0.10995574295520782, "imu/gyr_y": 0.03839724510908127, "imu/gyr_z": -0.027925267815589905, "milliseconds": 48835}