{"cam/image_array_a": "179_cam-image_array_a_.jpg", "cam/image_array_b": "179_cam-image_array_b_.png", "user/angle": 0.0, "user/throttle": 0.14726706747642446, "user/mode": "user", "imu/acl_x": -1.9515233039855957, "imu/acl_y": -6.354709148406982, "imu/acl_z": 0.7845319509506226, "imu/gyr_x": -0.012217304669320583, "imu/gyr_y": -1.4765485525131226, "imu/gyr_z": 0.16580627858638763, "milliseconds": 37242}