{"cam/image_array_a": "329_cam-image_array_a_.jpg", "cam/image_array_b": "329_cam-image_array_b_.png", "user/angle": 0.0, "user/throttle": 0.206579790643025, "user/mode": "user", "imu/acl_x": 0.10787314921617508, "imu/acl_y": -12.91535758972168, "imu/acl_z": 2.1378495693206787, "imu/gyr_x": 0.09424778074026108, "imu/gyr_y": -0.06806784123182297, "imu/gyr_z": -0.13788101077079773, "milliseconds": 44921}