{"cam/image_array_a": "149_cam-image_array_a_.jpg", "cam/image_array_b": "149_cam-image_array_b_.png", "user/angle": 0.0, "user/throttle": 0.22640156254768518, "user/mode": "user", "imu/acl_x": -0.10787314921617508, "imu/acl_y": -10.571568489074707, "imu/acl_z": 1.667130470275879, "imu/gyr_x": 0.12566369771957397, "imu/gyr_y": 0.33161255717277527, "imu/gyr_z": -0.16231562197208405, "milliseconds": 35738}