{"cam/image_array_a": "263_cam-image_array_a_.jpg", "cam/image_array_b": "263_cam-image_array_b_.png", "user/angle": 0.003143406476027711, "user/throttle": 0.2446668904690695, "user/mode": "user", "imu/acl_x": 8.080678939819336, "imu/acl_y": -12.454444885253906, "imu/acl_z": 1.4906107187271118, "imu/gyr_x": -0.07853981852531433, "imu/gyr_y": 1.8465583324432373, "imu/gyr_z": -0.2844886779785156, "milliseconds": 41580}