{"cam/image_array_a": "159_cam-image_array_a_.jpg", "cam/image_array_b": "159_cam-image_array_b_.png", "user/angle": -0.674031800286874, "user/throttle": 0.28240302743614004, "user/mode": "user", "imu/acl_x": -0.5883989930152893, "imu/acl_y": -13.082070350646973, "imu/acl_z": 2.098623037338257, "imu/gyr_x": 0.2949606478214264, "imu/gyr_y": 0.3228859007358551, "imu/gyr_z": 0.12217304855585098, "milliseconds": 36249}