{"cam/image_array_a": "243_cam-image_array_a_.jpg", "cam/image_array_b": "243_cam-image_array_b_.png", "user/angle": 0.0, "user/throttle": 0.19203772087771234, "user/mode": "user", "imu/acl_x": -4.187439441680908, "imu/acl_y": -17.45583724975586, "imu/acl_z": -1.4709974527359009, "imu/gyr_x": 0.4084070324897766, "imu/gyr_y": -2.2008602619171143, "imu/gyr_z": 0.3839724361896515, "milliseconds": 40564}