{"cam/image_array_a": "354_cam-image_array_a_.jpg", "cam/image_array_b": "354_cam-image_array_b_.png", "user/angle": -1.0, "user/throttle": 0.18286690878017517, "user/mode": "user", "imu/acl_x": -2.7556686401367188, "imu/acl_y": -10.591181755065918, "imu/acl_z": 1.010084867477417, "imu/gyr_x": -0.006981316953897476, "imu/gyr_y": -2.0036380290985107, "imu/gyr_z": 0.2635447084903717, "milliseconds": 46178}