{"cam/image_array_a": "283_cam-image_array_a_.jpg", "cam/image_array_b": "283_cam-image_array_b_.png", "user/angle": 0.0, "user/throttle": 0.17560350352488785, "user/mode": "user", "imu/acl_x": 1.6082905530929565, "imu/acl_y": -4.265892505645752, "imu/acl_z": 5.952636241912842, "imu/gyr_x": -0.5532693862915039, "imu/gyr_y": -0.513126790523529, "imu/gyr_z": -0.2321287840604782, "milliseconds": 42592}