{"cam/image_array_a": "326_cam-image_array_a_.jpg", "cam/image_array_b": "326_cam-image_array_b_.png", "user/angle": -0.04596087527085177, "user/throttle": 0.16690572832422865, "user/mode": "user", "imu/acl_x": 0.411879301071167, "imu/acl_y": -12.258312225341797, "imu/acl_z": 1.255251169204712, "imu/gyr_x": -0.08552113175392151, "imu/gyr_y": 0.1727875918149948, "imu/gyr_z": -0.024434609338641167, "milliseconds": 44782}