{"cam/image_array_a": "25_cam-image_array_a_.jpg", "cam/image_array_b": "25_cam-image_array_b_.png", "user/angle": 0.0, "user/throttle": 0.09379863887447737, "user/mode": "user", "imu/acl_x": 0.029419949278235435, "imu/acl_y": -9.865489959716797, "imu/acl_z": 1.2258312702178955, "imu/gyr_x": 0.019198622554540634, "imu/gyr_y": 0.005235987715423107, "imu/gyr_z": 0.01745329238474369, "milliseconds": 29430}