{"cam/image_array_a": "417_cam-image_array_a_.jpg", "cam/image_array_b": "417_cam-image_array_b_.png", "user/angle": 0.0, "user/throttle": 0.20937223426007873, "user/mode": "user", "imu/acl_x": -0.10787314921617508, "imu/acl_y": -9.022117614746094, "imu/acl_z": 2.7556686401367188, "imu/gyr_x": 0.1448623239994049, "imu/gyr_y": 0.06457718461751938, "imu/gyr_z": 0.04014257341623306, "milliseconds": 49549}