{"cam/image_array_a": "36_cam-image_array_a_.jpg", "cam/image_array_b": "36_cam-image_array_b_.png", "user/angle": -0.521469771416364, "user/throttle": 0.11291848506118961, "user/mode": "user", "imu/acl_x": -0.3824593424797058, "imu/acl_y": -9.502643585205078, "imu/acl_z": 2.0299766063690186, "imu/gyr_x": -0.027925267815589905, "imu/gyr_y": -0.008726646192371845, "imu/gyr_z": 0.008726646192371845, "milliseconds": 30013}