{"cam/image_array_a": "152_cam-image_array_a_.jpg", "cam/image_array_b": "152_cam-image_array_b_.png", "user/angle": 1.0, "user/throttle": 0.16022217474898526, "user/mode": "user", "imu/acl_x": -0.4903324842453003, "imu/acl_y": -10.493115425109863, "imu/acl_z": 2.1182363033294678, "imu/gyr_x": 0.30717796087265015, "imu/gyr_y": -0.07504915446043015, "imu/gyr_z": -0.07504915446043015, "milliseconds": 35898}