{"cam/image_array_a": "53_cam-image_array_a_.jpg", "cam/image_array_b": "53_cam-image_array_b_.png", "user/angle": 0.0, "user/throttle": 0.14290292062135684, "user/mode": "user", "imu/acl_x": -0.8335652351379395, "imu/acl_y": -9.424190521240234, "imu/acl_z": 2.2555294036865234, "imu/gyr_x": 0.010471975430846214, "imu/gyr_y": -0.07853981852531433, "imu/gyr_z": 0.008726646192371845, "milliseconds": 30890}