{"cam/image_array_a": "415_cam-image_array_a_.jpg", "cam/image_array_b": "415_cam-image_array_b_.png", "user/angle": 0.0, "user/throttle": 0.20937223426007873, "user/mode": "user", "imu/acl_x": 0.7060787677764893, "imu/acl_y": -9.983169555664062, "imu/acl_z": 2.657602071762085, "imu/gyr_x": 0.06283184885978699, "imu/gyr_y": -0.001745329238474369, "imu/gyr_z": 0.12566369771957397, "milliseconds": 49442}