{"cam/image_array_a": "401_cam-image_array_a_.jpg", "cam/image_array_b": "401_cam-image_array_b_.png", "user/angle": 0.0, "user/throttle": 0.05475020599993896, "user/mode": "user", "imu/acl_x": -1.8730701208114624, "imu/acl_y": -9.826263427734375, "imu/acl_z": 0.7453053593635559, "imu/gyr_x": -0.116937056183815, "imu/gyr_y": 0.5358160734176636, "imu/gyr_z": -0.18325957655906677, "milliseconds": 48729}