{"cam/image_array_a": "315_cam-image_array_a_.jpg", "cam/image_array_b": "315_cam-image_array_b_.png", "user/angle": 0.0, "user/throttle": 0.12794885097811823, "user/mode": "user", "imu/acl_x": -1.0296982526779175, "imu/acl_y": -13.582209587097168, "imu/acl_z": 0.24516624212265015, "imu/gyr_x": 0.19896753132343292, "imu/gyr_y": 0.0593411922454834, "imu/gyr_z": -0.16231562197208405, "milliseconds": 44232}