{"cam/image_array_a": "175_cam-image_array_a_.jpg", "cam/image_array_b": "175_cam-image_array_b_.png", "user/angle": -1.0, "user/throttle": 0.07208471938230537, "user/mode": "user", "imu/acl_x": -3.6186537742614746, "imu/acl_y": -12.415218353271484, "imu/acl_z": -1.1669913530349731, "imu/gyr_x": 0.13264502584934235, "imu/gyr_y": -2.2776546478271484, "imu/gyr_z": 0.13439035415649414, "milliseconds": 37049}