{"cam/image_array_a": "155_cam-image_array_a_.jpg", "cam/image_array_b": "155_cam-image_array_b_.png", "user/angle": 0.0, "user/throttle": 0.14757225257118442, "user/mode": "user", "imu/acl_x": 2.5399222373962402, "imu/acl_y": -9.708582878112793, "imu/acl_z": 1.3140910863876343, "imu/gyr_x": -0.06283184885978699, "imu/gyr_y": 1.7208945751190186, "imu/gyr_z": -0.2583087384700775, "milliseconds": 36025}