{"cam/image_array_a": "216_cam-image_array_a_.jpg", "cam/image_array_b": "216_cam-image_array_b_.png", "user/angle": 0.0, "user/throttle": 0.24143192846461378, "user/mode": "user", "imu/acl_x": -4.579705238342285, "imu/acl_y": -7.413827419281006, "imu/acl_z": 1.0689247846603394, "imu/gyr_x": 0.06632251292467117, "imu/gyr_y": -1.188569188117981, "imu/gyr_z": 0.09424778074026108, "milliseconds": 39109}