{"cam/image_array_a": "369_cam-image_array_a_.jpg", "cam/image_array_b": "369_cam-image_array_b_.png", "user/angle": 0.0, "user/throttle": 0.24202703939939574, "user/mode": "user", "imu/acl_x": -6.374322414398193, "imu/acl_y": -8.335652351379395, "imu/acl_z": 2.9812214374542236, "imu/gyr_x": 0.031415924429893494, "imu/gyr_y": -2.069960594177246, "imu/gyr_z": 0.6544984579086304, "milliseconds": 46948}