{"cam/image_array_a": "245_cam-image_array_a_.jpg", "cam/image_array_b": "245_cam-image_array_b_.png", "user/angle": 0.0, "user/throttle": 0.19595934934537798, "user/mode": "user", "imu/acl_x": 3.5402004718780518, "imu/acl_y": -8.767145156860352, "imu/acl_z": 3.236194372177124, "imu/gyr_x": 0.03839724510908127, "imu/gyr_y": -0.3211405873298645, "imu/gyr_z": -0.18500490486621857, "milliseconds": 40687}