{"cam/image_array_a": "322_cam-image_array_a_.jpg", "cam/image_array_b": "322_cam-image_array_b_.png", "user/angle": 0.0, "user/throttle": 0.19251075777459029, "user/mode": "user", "imu/acl_x": 0.06864655017852783, "imu/acl_y": -9.443803787231445, "imu/acl_z": 1.3925442695617676, "imu/gyr_x": 0.25132739543914795, "imu/gyr_y": -0.13089969754219055, "imu/gyr_z": -0.13439035415649414, "milliseconds": 44569}