{"cam/image_array_a": "91_cam-image_array_a_.jpg", "cam/image_array_b": "91_cam-image_array_b_.png", "user/angle": 0.0, "user/throttle": 0.06999420148319956, "user/mode": "user", "imu/acl_x": -1.4709974527359009, "imu/acl_y": -10.855960845947266, "imu/acl_z": 0.7845319509506226, "imu/gyr_x": -0.024434609338641167, "imu/gyr_y": 0.05061454698443413, "imu/gyr_z": -0.019198622554540634, "milliseconds": 32789}