{"cam/image_array_a": "355_cam-image_array_a_.jpg", "cam/image_array_b": "355_cam-image_array_b_.png", "user/angle": -0.988952299569689, "user/throttle": 0.16595965453047273, "user/mode": "user", "imu/acl_x": -1.2258312702178955, "imu/acl_y": -8.884824752807617, "imu/acl_z": 1.9711365699768066, "imu/gyr_x": -0.39444440603256226, "imu/gyr_y": -1.8500490188598633, "imu/gyr_z": 0.7103490233421326, "milliseconds": 46249}