{"cam/image_array_a": "77_cam-image_array_a_.jpg", "cam/image_array_b": "77_cam-image_array_b_.png", "user/angle": 0.0, "user/throttle": 0.13530381176183356, "user/mode": "user", "imu/acl_x": -0.7649186849594116, "imu/acl_y": -8.639657974243164, "imu/acl_z": 2.7164418697357178, "imu/gyr_x": -0.006981316953897476, "imu/gyr_y": 0.08203047513961792, "imu/gyr_z": -0.0593411922454834, "milliseconds": 32103}