{"cam/image_array_a": "202_cam-image_array_a_.jpg", "cam/image_array_b": "202_cam-image_array_b_.png", "user/angle": -0.22849208044679098, "user/throttle": 0.21677297280800806, "user/mode": "user", "imu/acl_x": 3.402907371520996, "imu/acl_y": -10.63040828704834, "imu/acl_z": 1.9515233039855957, "imu/gyr_x": -0.1186823844909668, "imu/gyr_y": 0.10122909396886826, "imu/gyr_z": 0.16406095027923584, "milliseconds": 38403}