{"cam/image_array_a": "170_cam-image_array_a_.jpg", "cam/image_array_b": "170_cam-image_array_b_.png", "user/angle": -1.0, "user/throttle": 0.07525864436780907, "user/mode": "user", "imu/acl_x": -0.6080122590065002, "imu/acl_y": -11.01286792755127, "imu/acl_z": 0.7453053593635559, "imu/gyr_x": 0.2617993950843811, "imu/gyr_y": 0.15358898043632507, "imu/gyr_z": 0.21118484437465668, "milliseconds": 36790}