{"cam/image_array_a": "236_cam-image_array_a_.jpg", "cam/image_array_b": "236_cam-image_array_b_.png", "user/angle": -1.0, "user/throttle": 0.12512588885158848, "user/mode": "user", "imu/acl_x": -2.8145084381103516, "imu/acl_y": -6.796008110046387, "imu/acl_z": 1.1277647018432617, "imu/gyr_x": -0.36651915311813354, "imu/gyr_y": -2.424262285232544, "imu/gyr_z": 0.3560471534729004, "milliseconds": 40214}