{"cam/image_array_a": "449_cam-image_array_a_.jpg", "cam/image_array_b": "449_cam-image_array_b_.png", "user/angle": 0.0, "user/throttle": 0.10919522690511796, "user/mode": "user", "imu/acl_x": -1.3140910863876343, "imu/acl_y": -9.92432975769043, "imu/acl_z": 0.8335652351379395, "imu/gyr_x": -0.013962633907794952, "imu/gyr_y": -1.0437068939208984, "imu/gyr_z": 0.11344639956951141, "milliseconds": 51160}