{"cam/image_array_a": "362_cam-image_array_a_.jpg", "cam/image_array_b": "362_cam-image_array_b_.png", "user/angle": 0.0, "user/throttle": 0.20407727286599323, "user/mode": "user", "imu/acl_x": -1.3140910863876343, "imu/acl_y": -11.875852584838867, "imu/acl_z": 2.5399222373962402, "imu/gyr_x": 0.0296705961227417, "imu/gyr_y": -0.0296705961227417, "imu/gyr_z": 0.3281219005584717, "milliseconds": 46583}