{"cam/image_array_a": "74_cam-image_array_a_.jpg", "cam/image_array_b": "74_cam-image_array_b_.png", "user/angle": 0.019074068422498244, "user/throttle": 0.14949491866817224, "user/mode": "user", "imu/acl_x": 0.10787314921617508, "imu/acl_y": -8.56120491027832, "imu/acl_z": 1.9122966527938843, "imu/gyr_x": -0.07853981852531433, "imu/gyr_y": 0.0, "imu/gyr_z": 0.04363323003053665, "milliseconds": 31933}