{"cam/image_array_a": "100_cam-image_array_a_.jpg", "cam/image_array_b": "100_cam-image_array_b_.png", "user/angle": 0.0, "user/throttle": 0.23305459761345257, "user/mode": "user", "imu/acl_x": 0.5295590758323669, "imu/acl_y": -8.178746223449707, "imu/acl_z": 4.020726203918457, "imu/gyr_x": -0.08203047513961792, "imu/gyr_y": 0.15707963705062866, "imu/gyr_z": 0.10646508634090424, "milliseconds": 33240}