{"cam/image_array_a": "80_cam-image_array_a_.jpg", "cam/image_array_b": "80_cam-image_array_b_.png", "user/angle": 0.0, "user/throttle": 0.13142796105838192, "user/mode": "user", "imu/acl_x": 2.451662540435791, "imu/acl_y": -5.403463840484619, "imu/acl_z": 3.5990405082702637, "imu/gyr_x": -0.24260076880455017, "imu/gyr_y": 0.031415924429893494, "imu/gyr_z": 0.28274333477020264, "milliseconds": 32244}