{"cam/image_array_a": "45_cam-image_array_a_.jpg", "cam/image_array_b": "45_cam-image_array_b_.png", "user/angle": -0.3505966368602558, "user/throttle": 0.1184728537858211, "user/mode": "user", "imu/acl_x": -0.18632633984088898, "imu/acl_y": -9.904716491699219, "imu/acl_z": 1.6769371032714844, "imu/gyr_x": -0.036651913076639175, "imu/gyr_y": 0.02617993950843811, "imu/gyr_z": 0.031415924429893494, "milliseconds": 30488}