{"cam/image_array_a": "392_cam-image_array_a_.jpg", "cam/image_array_b": "392_cam-image_array_b_.png", "user/angle": -1.0, "user/throttle": 0.05265968810083316, "user/mode": "user", "imu/acl_x": -5.403463840484619, "imu/acl_y": -10.012589454650879, "imu/acl_z": -0.6080122590065002, "imu/gyr_x": 0.07853981852531433, "imu/gyr_y": -0.3228859007358551, "imu/gyr_z": -0.3159045875072479, "milliseconds": 48119}