{"cam/image_array_a": "356_cam-image_array_a_.jpg", "cam/image_array_b": "356_cam-image_array_b_.png", "user/angle": -0.9721976378673666, "user/throttle": 0.16357921079134496, "user/mode": "user", "imu/acl_x": -4.403185844421387, "imu/acl_y": -7.413827419281006, "imu/acl_z": 0.32361945509910583, "imu/gyr_x": 0.16231562197208405, "imu/gyr_y": -2.305579900741577, "imu/gyr_z": -0.01745329238474369, "milliseconds": 46278}