{"cam/image_array_a": "343_cam-image_array_a_.jpg", "cam/image_array_b": "343_cam-image_array_b_.png", "user/angle": 0.0, "user/throttle": 0.1250190740684225, "user/mode": "user", "imu/acl_x": 1.0493115186691284, "imu/acl_y": -8.845598220825195, "imu/acl_z": 2.0299766063690186, "imu/gyr_x": 0.179768905043602, "imu/gyr_y": -0.2897246479988098, "imu/gyr_z": 0.3211405873298645, "milliseconds": 45626}