{"cam/image_array_a": "90_cam-image_array_a_.jpg", "cam/image_array_b": "90_cam-image_array_b_.png", "user/angle": 0.0, "user/throttle": 0.06999420148319956, "user/mode": "user", "imu/acl_x": -0.14709974825382233, "imu/acl_y": -9.865489959716797, "imu/acl_z": 1.0296982526779175, "imu/gyr_x": -0.07155849784612656, "imu/gyr_y": 0.054105207324028015, "imu/gyr_z": 0.04886921867728233, "milliseconds": 32769}