{"cam/image_array_a": "238_cam-image_array_a_.jpg", "cam/image_array_b": "238_cam-image_array_b_.png", "user/angle": -1.0, "user/throttle": 0.16946928312021242, "user/mode": "user", "imu/acl_x": -0.509945809841156, "imu/acl_y": -5.785923480987549, "imu/acl_z": 2.098623037338257, "imu/gyr_x": -0.1500983089208603, "imu/gyr_y": -2.336995840072632, "imu/gyr_z": 0.2897246479988098, "milliseconds": 40313}