{"cam/image_array_a": "352_cam-image_array_a_.jpg", "cam/image_array_b": "352_cam-image_array_b_.png", "user/angle": -0.8792687765129551, "user/throttle": 0.18286690878017517, "user/mode": "user", "imu/acl_x": -6.207609176635742, "imu/acl_y": -9.904716491699219, "imu/acl_z": 0.823758602142334, "imu/gyr_x": 0.04363323003053665, "imu/gyr_y": -1.621410846710205, "imu/gyr_z": 0.4660029113292694, "milliseconds": 46082}