{"cam/image_array_a": "350_cam-image_array_a_.jpg", "cam/image_array_b": "350_cam-image_array_b_.png", "user/angle": -0.9643848994415113, "user/throttle": 0.18286690878017517, "user/mode": "user", "imu/acl_x": -0.45110589265823364, "imu/acl_y": -9.92432975769043, "imu/acl_z": 3.0400614738464355, "imu/gyr_x": -0.15707963705062866, "imu/gyr_y": 0.08552113175392151, "imu/gyr_z": 0.2914699912071228, "milliseconds": 45985}