{"cam/image_array_a": "256_cam-image_array_a_.jpg", "cam/image_array_b": "256_cam-image_array_b_.png", "user/angle": 0.0, "user/throttle": 0.18721579638050478, "user/mode": "user", "imu/acl_x": -7.698220252990723, "imu/acl_y": -12.199472427368164, "imu/acl_z": 0.029419949278235435, "imu/gyr_x": 0.39444440603256226, "imu/gyr_y": -1.9739673137664795, "imu/gyr_z": 0.1727875918149948, "milliseconds": 41218}