{"cam/image_array_a": "387_cam-image_array_a_.jpg", "cam/image_array_b": "387_cam-image_array_b_.png", "user/angle": 0.0, "user/throttle": 0.10835596789452803, "user/mode": "user", "imu/acl_x": -0.5295590758323669, "imu/acl_y": -6.570455551147461, "imu/acl_z": 1.7750035524368286, "imu/gyr_x": -0.10122909396886826, "imu/gyr_y": 0.09773843735456467, "imu/gyr_z": -0.08377580344676971, "milliseconds": 47861}