{"cam/image_array_a": "29_cam-image_array_a_.jpg", "cam/image_array_b": "29_cam-image_array_b_.png", "user/angle": 0.0, "user/throttle": 0.11291848506118961, "user/mode": "user", "imu/acl_x": -0.10787314921617508, "imu/acl_y": -9.728196144104004, "imu/acl_z": 1.7161637544631958, "imu/gyr_x": 0.010471975430846214, "imu/gyr_y": 0.001745329238474369, "imu/gyr_z": 0.0, "milliseconds": 29635}