{"cam/image_array_a": "230_cam-image_array_a_.jpg", "cam/image_array_b": "230_cam-image_array_b_.png", "user/angle": -1.0, "user/throttle": 0.12323374126407666, "user/mode": "user", "imu/acl_x": -0.22555294632911682, "imu/acl_y": -13.503756523132324, "imu/acl_z": 0.6080122590065002, "imu/gyr_x": 0.296705961227417, "imu/gyr_y": -0.4450589418411255, "imu/gyr_z": 0.03316125646233559, "milliseconds": 39910}