{"cam/image_array_a": "160_cam-image_array_a_.jpg", "cam/image_array_b": "160_cam-image_array_b_.png", "user/angle": -0.9553514206366162, "user/throttle": 0.26277962584307385, "user/mode": "user", "imu/acl_x": 1.7750035524368286, "imu/acl_y": -11.591460227966309, "imu/acl_z": 3.3440675735473633, "imu/gyr_x": 0.005235987715423107, "imu/gyr_y": -0.0593411922454834, "imu/gyr_z": -0.057595863938331604, "milliseconds": 36281}