{"cam/image_array_a": "336_cam-image_array_a_.jpg", "cam/image_array_b": "336_cam-image_array_b_.png", "user/angle": 0.0, "user/throttle": 0.17511520737327188, "user/mode": "user", "imu/acl_x": -4.962164878845215, "imu/acl_y": -12.31715202331543, "imu/acl_z": -0.22555294632911682, "imu/gyr_x": -0.12391837686300278, "imu/gyr_y": -0.9773843884468079, "imu/gyr_z": 0.20943951606750488, "milliseconds": 45281}