{"cam/image_array_a": "444_cam-image_array_a_.jpg", "cam/image_array_b": "444_cam-image_array_b_.png", "user/angle": -1.0, "user/throttle": 0.09474471266823328, "user/mode": "user", "imu/acl_x": -3.9226598739624023, "imu/acl_y": -11.052094459533691, "imu/acl_z": -0.009806649759411812, "imu/gyr_x": 0.05235987901687622, "imu/gyr_y": -1.284562349319458, "imu/gyr_z": 0.10821041464805603, "milliseconds": 50911}