{"cam/image_array_a": "227_cam-image_array_a_.jpg", "cam/image_array_b": "227_cam-image_array_b_.png", "user/angle": 0.0, "user/throttle": 0.15257728812524796, "user/mode": "user", "imu/acl_x": -0.127486452460289, "imu/acl_y": -6.648908615112305, "imu/acl_z": 2.2947559356689453, "imu/gyr_x": -0.36477380990982056, "imu/gyr_y": 1.4974924325942993, "imu/gyr_z": -0.022689279168844223, "milliseconds": 39784}