{"cam/image_array_a": "254_cam-image_array_a_.jpg", "cam/image_array_b": "254_cam-image_array_b_.png", "user/angle": -1.0, "user/throttle": 0.20485549485763116, "user/mode": "user", "imu/acl_x": -6.874461650848389, "imu/acl_y": -10.03220272064209, "imu/acl_z": 1.206217885017395, "imu/gyr_x": -0.4921828508377075, "imu/gyr_y": -0.6300638318061829, "imu/gyr_z": 0.17104226350784302, "milliseconds": 41132}