{"cam/image_array_a": "337_cam-image_array_a_.jpg", "cam/image_array_b": "337_cam-image_array_b_.png", "user/angle": 0.0, "user/throttle": 0.14549699392681661, "user/mode": "user", "imu/acl_x": -3.5402004718780518, "imu/acl_y": -5.687856674194336, "imu/acl_z": 2.8929617404937744, "imu/gyr_x": -0.0296705961227417, "imu/gyr_y": -2.124065637588501, "imu/gyr_z": 0.0890117883682251, "milliseconds": 45323}