{"cam/image_array_a": "332_cam-image_array_a_.jpg", "cam/image_array_b": "332_cam-image_array_b_.png", "user/angle": 0.0, "user/throttle": 0.206579790643025, "user/mode": "user", "imu/acl_x": 2.5203089714050293, "imu/acl_y": -11.993532180786133, "imu/acl_z": 2.1378495693206787, "imu/gyr_x": 0.2635447084903717, "imu/gyr_y": 0.04886921867728233, "imu/gyr_z": 0.1483529806137085, "milliseconds": 45072}