{"cam/image_array_a": "58_cam-image_array_a_.jpg", "cam/image_array_b": "58_cam-image_array_b_.png", "user/angle": -0.4929960020752586, "user/throttle": 0.1467940305795465, "user/mode": "user", "imu/acl_x": 0.3040061295032501, "imu/acl_y": -9.728196144104004, "imu/acl_z": 2.5203089714050293, "imu/gyr_x": -0.003490658476948738, "imu/gyr_y": -0.013962633907794952, "imu/gyr_z": -0.027925267815589905, "milliseconds": 31149}