{"cam/image_array_a": "268_cam-image_array_a_.jpg", "cam/image_array_b": "268_cam-image_array_b_.png", "user/angle": 0.0619525742362743, "user/throttle": 0.24912259285256508, "user/mode": "user", "imu/acl_x": -0.24516624212265015, "imu/acl_y": -4.403185844421387, "imu/acl_z": 3.746140241622925, "imu/gyr_x": -0.036651913076639175, "imu/gyr_y": -0.30368727445602417, "imu/gyr_z": 0.012217304669320583, "milliseconds": 41841}