{"cam/image_array_a": "192_cam-image_array_a_.jpg", "cam/image_array_b": "192_cam-image_array_b_.png", "user/angle": 0.0, "user/throttle": 0.16223639637440107, "user/mode": "user", "imu/acl_x": 1.5690639019012451, "imu/acl_y": -10.591181755065918, "imu/acl_z": 2.490889072418213, "imu/gyr_x": 0.036651913076639175, "imu/gyr_y": -0.04014257341623306, "imu/gyr_z": 0.04188790172338486, "milliseconds": 37899}