{"cam/image_array_a": "466_cam-image_array_a_.jpg", "cam/image_array_b": "466_cam-image_array_b_.png", "user/angle": 0.0, "user/throttle": 0.21932126834925383, "user/mode": "user", "imu/acl_x": -0.40207263827323914, "imu/acl_y": -10.63040828704834, "imu/acl_z": 3.0008349418640137, "imu/gyr_x": -0.11344639956951141, "imu/gyr_y": -0.036651913076639175, "imu/gyr_z": -0.010471975430846214, "milliseconds": 52027}