{"cam/image_array_a": "75_cam-image_array_a_.jpg", "cam/image_array_b": "75_cam-image_array_b_.png", "user/angle": 0.01141392254402295, "user/throttle": 0.14949491866817224, "user/mode": "user", "imu/acl_x": -0.2059396505355835, "imu/acl_y": -11.650300025939941, "imu/acl_z": 1.5102241039276123, "imu/gyr_x": 0.005235987715423107, "imu/gyr_y": 0.1186823844909668, "imu/gyr_z": -0.12217304855585098, "milliseconds": 31999}