{"cam/image_array_a": "376_cam-image_array_a_.jpg", "cam/image_array_b": "376_cam-image_array_b_.png", "user/angle": 0.0, "user/throttle": 0.03947569200720237, "user/mode": "user", "imu/acl_x": -2.1182363033294678, "imu/acl_y": -6.452775478363037, "imu/acl_z": 1.647517204284668, "imu/gyr_x": -0.179768905043602, "imu/gyr_y": -0.008726646192371845, "imu/gyr_z": -0.2705260217189789, "milliseconds": 47309}