{"cam/image_array_a": "31_cam-image_array_a_.jpg", "cam/image_array_b": "31_cam-image_array_b_.png", "user/angle": 0.0, "user/throttle": 0.11291848506118961, "user/mode": "user", "imu/acl_x": -0.0, "imu/acl_y": -9.424190521240234, "imu/acl_z": 2.8145084381103516, "imu/gyr_x": -0.015707962214946747, "imu/gyr_y": -0.0296705961227417, "imu/gyr_z": -0.022689279168844223, "milliseconds": 29750}