{"cam/image_array_a": "213_cam-image_array_a_.jpg", "cam/image_array_b": "213_cam-image_array_b_.png", "user/angle": -0.6979583117160558, "user/throttle": 0.22849208044679098, "user/mode": "user", "imu/acl_x": -2.0103631019592285, "imu/acl_y": -8.806371688842773, "imu/acl_z": 2.657602071762085, "imu/gyr_x": 0.116937056183815, "imu/gyr_y": -0.12740904092788696, "imu/gyr_z": -0.12217304855585098, "milliseconds": 38953}