{"cam/image_array_a": "423_cam-image_array_a_.jpg", "cam/image_array_b": "423_cam-image_array_b_.png", "user/angle": -0.5630664998321482, "user/throttle": 0.17975402081362346, "user/mode": "user", "imu/acl_x": 0.26477953791618347, "imu/acl_y": -7.678606986999512, "imu/acl_z": 3.746140241622925, "imu/gyr_x": -0.06981316953897476, "imu/gyr_y": 0.16580627858638763, "imu/gyr_z": -0.07504915446043015, "milliseconds": 49848}