{"cam/image_array_a": "143_cam-image_array_a_.jpg", "cam/image_array_b": "143_cam-image_array_b_.png", "user/angle": -0.6170537430951872, "user/throttle": 0.22640156254768518, "user/mode": "user", "imu/acl_x": -1.833843469619751, "imu/acl_y": -13.42530345916748, "imu/acl_z": 0.47071918845176697, "imu/gyr_x": 0.5794492959976196, "imu/gyr_y": -0.003490658476948738, "imu/gyr_z": 0.30368727445602417, "milliseconds": 35449}