{"cam/image_array_a": "394_cam-image_array_a_.jpg", "cam/image_array_b": "394_cam-image_array_b_.png", "user/angle": 0.0, "user/throttle": 0.025177770317697683, "user/mode": "user", "imu/acl_x": -7.923772811889648, "imu/acl_y": -12.601545333862305, "imu/acl_z": -1.4906107187271118, "imu/gyr_x": 0.12566369771957397, "imu/gyr_y": -1.834341049194336, "imu/gyr_z": 0.2059488445520401, "milliseconds": 48207}