{"cam/image_array_a": "304_cam-image_array_a_.jpg", "cam/image_array_b": "304_cam-image_array_b_.png", "user/angle": 0.011261329996642965, "user/throttle": 0.10748619037446211, "user/mode": "user", "imu/acl_x": 1.186604619026184, "imu/acl_y": -12.238698959350586, "imu/acl_z": 1.206217885017395, "imu/gyr_x": -0.0872664600610733, "imu/gyr_y": 0.09599310904741287, "imu/gyr_z": 0.16580627858638763, "milliseconds": 43665}