{"cam/image_array_a": "391_cam-image_array_a_.jpg", "cam/image_array_b": "391_cam-image_array_b_.png", "user/angle": -0.9987792596209601, "user/throttle": 0.048631244850001525, "user/mode": "user", "imu/acl_x": -0.3040061295032501, "imu/acl_y": -8.365072250366211, "imu/acl_z": 0.9708583354949951, "imu/gyr_x": 0.04363323003053665, "imu/gyr_y": -0.04363323003053665, "imu/gyr_z": -0.18849556148052216, "milliseconds": 48050}