{"cam/image_array_a": "279_cam-image_array_a_.jpg", "cam/image_array_b": "279_cam-image_array_b_.png", "user/angle": -1.0, "user/throttle": 0.25722525711844235, "user/mode": "user", "imu/acl_x": 1.9122966527938843, "imu/acl_y": -3.461747407913208, "imu/acl_z": 4.207052707672119, "imu/gyr_x": -0.5218534469604492, "imu/gyr_y": -0.20071285963058472, "imu/gyr_z": 0.39269909262657166, "milliseconds": 42392}