{"cam/image_array_a": "252_cam-image_array_a_.jpg", "cam/image_array_b": "252_cam-image_array_b_.png", "user/angle": -0.7140110477004303, "user/throttle": 0.20485549485763116, "user/mode": "user", "imu/acl_x": -1.6279038190841675, "imu/acl_y": -9.32612419128418, "imu/acl_z": 2.079009771347046, "imu/gyr_x": 0.02617993950843811, "imu/gyr_y": 0.18675023317337036, "imu/gyr_z": -0.06108652427792549, "milliseconds": 41023}