{"cam/image_array_a": "469_cam-image_array_a_.jpg", "cam/image_array_b": "469_cam-image_array_b_.png", "user/angle": 0.0, "user/throttle": 0.2150944547868282, "user/mode": "user", "imu/acl_x": 1.8534568548202515, "imu/acl_y": -8.296425819396973, "imu/acl_z": 2.9812214374542236, "imu/gyr_x": -0.24434609711170197, "imu/gyr_y": 0.13613568246364594, "imu/gyr_z": 0.16231562197208405, "milliseconds": 52176}