{"cam/image_array_a": "112_cam-image_array_a_.jpg", "cam/image_array_b": "112_cam-image_array_b_.png", "user/angle": 0.0, "user/throttle": 0.026596881008331553, "user/mode": "user", "imu/acl_x": 1.45138418674469, "imu/acl_y": -7.198081016540527, "imu/acl_z": 2.5203089714050293, "imu/gyr_x": -0.2356194406747818, "imu/gyr_y": 0.3892084062099457, "imu/gyr_z": 0.24958208203315735, "milliseconds": 33866}