{"cam/image_array_a": "30_cam-image_array_a_.jpg", "cam/image_array_b": "30_cam-image_array_b_.png", "user/angle": 0.0, "user/throttle": 0.11291848506118961, "user/mode": "user", "imu/acl_x": -0.3824593424797058, "imu/acl_y": -9.92432975769043, "imu/acl_z": 1.9122966527938843, "imu/gyr_x": 0.024434609338641167, "imu/gyr_y": -0.010471975430846214, "imu/gyr_z": -0.013962633907794952, "milliseconds": 29706}