{"cam/image_array_a": "465_cam-image_array_a_.jpg", "cam/image_array_b": "465_cam-image_array_b_.png", "user/angle": 0.0, "user/throttle": 0.21932126834925383, "user/mode": "user", "imu/acl_x": 0.3824593424797058, "imu/acl_y": -8.94366455078125, "imu/acl_z": 3.295034408569336, "imu/gyr_x": 0.024434609338641167, "imu/gyr_y": 0.16580627858638763, "imu/gyr_z": 0.14137166738510132, "milliseconds": 51973}