{"cam/image_array_a": "49_cam-image_array_a_.jpg", "cam/image_array_b": "49_cam-image_array_b_.png", "user/angle": 0.0, "user/throttle": 0.14061403241065706, "user/mode": "user", "imu/acl_x": 0.24516624212265015, "imu/acl_y": -9.747809410095215, "imu/acl_z": 2.5203089714050293, "imu/gyr_x": -0.027925267815589905, "imu/gyr_y": -0.06283184885978699, "imu/gyr_z": 0.036651913076639175, "milliseconds": 30677}