{"cam/image_array_a": "367_cam-image_array_a_.jpg", "cam/image_array_b": "367_cam-image_array_b_.png", "user/angle": -1.0, "user/throttle": 0.30912198248237555, "user/mode": "user", "imu/acl_x": -2.7556686401367188, "imu/acl_y": -9.247671127319336, "imu/acl_z": 2.1378495693206787, "imu/gyr_x": -0.005235987715423107, "imu/gyr_y": -0.10122909396886826, "imu/gyr_z": -0.08028514683246613, "milliseconds": 46875}