{"cam/image_array_a": "46_cam-image_array_a_.jpg", "cam/image_array_b": "46_cam-image_array_b_.png", "user/angle": -0.47791985839411605, "user/throttle": 0.1184728537858211, "user/mode": "user", "imu/acl_x": 0.029419949278235435, "imu/acl_y": -9.208444595336914, "imu/acl_z": 2.1574628353118896, "imu/gyr_x": -0.03316125646233559, "imu/gyr_y": 0.024434609338641167, "imu/gyr_z": 0.031415924429893494, "milliseconds": 30534}