{"cam/image_array_a": "73_cam-image_array_a_.jpg", "cam/image_array_b": "73_cam-image_array_b_.png", "user/angle": 0.0, "user/throttle": 0.14949491866817224, "user/mode": "user", "imu/acl_x": -0.3040061295032501, "imu/acl_y": -7.835513114929199, "imu/acl_z": 1.9319100379943848, "imu/gyr_x": -0.02094395086169243, "imu/gyr_y": 0.1186823844909668, "imu/gyr_z": 0.06108652427792549, "milliseconds": 31894}