{"cam/image_array_a": "28_cam-image_array_a_.jpg", "cam/image_array_b": "28_cam-image_array_b_.png", "user/angle": 0.0, "user/throttle": 0.11021759697256386, "user/mode": "user", "imu/acl_x": -0.2059396505355835, "imu/acl_y": -9.502643585205078, "imu/acl_z": 2.1574628353118896, "imu/gyr_x": -0.008726646192371845, "imu/gyr_y": 0.003490658476948738, "imu/gyr_z": 0.0, "milliseconds": 29580}