{"cam/image_array_a": "341_cam-image_array_a_.jpg", "cam/image_array_b": "341_cam-image_array_b_.png", "user/angle": 0.0, "user/throttle": 0.14622943815424055, "user/mode": "user", "imu/acl_x": -0.0, "imu/acl_y": -9.983169555664062, "imu/acl_z": 0.6864655017852783, "imu/gyr_x": 0.16406095027923584, "imu/gyr_y": 0.2565633952617645, "imu/gyr_z": -0.0593411922454834, "milliseconds": 45525}