{"cam/image_array_a": "311_cam-image_array_a_.jpg", "cam/image_array_b": "311_cam-image_array_b_.png", "user/angle": 0.0, "user/throttle": 0.12889492477187414, "user/mode": "user", "imu/acl_x": 0.7060787677764893, "imu/acl_y": -9.963556289672852, "imu/acl_z": 2.637988805770874, "imu/gyr_x": -0.17104226350784302, "imu/gyr_y": 0.46076691150665283, "imu/gyr_z": 0.3804817795753479, "milliseconds": 44036}