{"cam/image_array_a": "325_cam-image_array_a_.jpg", "cam/image_array_b": "325_cam-image_array_b_.png", "user/angle": -0.09924619281594287, "user/throttle": 0.16690572832422865, "user/mode": "user", "imu/acl_x": -0.08825984597206116, "imu/acl_y": -8.757338523864746, "imu/acl_z": 1.2454445362091064, "imu/gyr_x": -0.33335787057876587, "imu/gyr_y": 0.24434609711170197, "imu/gyr_z": -0.05585053563117981, "milliseconds": 44742}