{"cam/image_array_a": "335_cam-image_array_a_.jpg", "cam/image_array_b": "335_cam-image_array_b_.png", "user/angle": -0.9971312601092562, "user/throttle": 0.206625568407239, "user/mode": "user", "imu/acl_x": -4.344346046447754, "imu/acl_y": -8.56120491027832, "imu/acl_z": 2.9812214374542236, "imu/gyr_x": -0.5253440737724304, "imu/gyr_y": -0.45378559827804565, "imu/gyr_z": 0.1431169956922531, "milliseconds": 45225}