{"cam/image_array_a": "16_cam-image_array_a_.jpg", "cam/image_array_b": "16_cam-image_array_b_.png", "user/angle": 0.0, "user/throttle": -0.5, "user/mode": "user", "imu/acl_x": 0.009806649759411812, "imu/acl_y": -9.002504348754883, "imu/acl_z": -3.216581106185913, "imu/gyr_x": 0.8011060953140259, "imu/gyr_y": -0.1762782484292984, "imu/gyr_z": 0.10646508634090424, "milliseconds": 27672}