{"cam/image_array_a": "178_cam-image_array_a_.jpg", "cam/image_array_b": "178_cam-image_array_b_.png", "user/angle": 0.0, "user/throttle": 0.13609729300820947, "user/mode": "user", "imu/acl_x": 0.029419949278235435, "imu/acl_y": -11.33648681640625, "imu/acl_z": -0.14709974825382233, "imu/gyr_x": -0.34033921360969543, "imu/gyr_y": -1.4224432706832886, "imu/gyr_z": 0.30194196105003357, "milliseconds": 37209}