{"cam/image_array_a": "221_cam-image_array_a_.jpg", "cam/image_array_b": "221_cam-image_array_b_.png", "user/angle": 0.0, "user/throttle": 0.29583117160557876, "user/mode": "user", "imu/acl_x": 1.7161637544631958, "imu/acl_y": -7.011754512786865, "imu/acl_z": 3.363680839538574, "imu/gyr_x": -0.3228859007358551, "imu/gyr_y": 0.3211405873298645, "imu/gyr_z": -0.05061454698443413, "milliseconds": 39355}