{"cam/image_array_a": "412_cam-image_array_a_.jpg", "cam/image_array_b": "412_cam-image_array_b_.png", "user/angle": 0.0, "user/throttle": 0.20937223426007873, "user/mode": "user", "imu/acl_x": -0.18632633984088898, "imu/acl_y": -9.247671127319336, "imu/acl_z": 3.314647674560547, "imu/gyr_x": -0.04712389037013054, "imu/gyr_y": -0.06457718461751938, "imu/gyr_z": -0.04363323003053665, "milliseconds": 49307}