{"cam/image_array_a": "15_cam-image_array_a_.jpg", "cam/image_array_b": "15_cam-image_array_b_.png", "user/angle": 0.0, "user/throttle": 0.0, "user/mode": "user", "imu/acl_x": -0.5295590758323669, "imu/acl_y": -11.9346923828125, "imu/acl_z": 0.5295590758323669, "imu/gyr_x": 0.15707963705062866, "imu/gyr_y": -0.001745329238474369, "imu/gyr_z": -0.024434609338641167, "milliseconds": 27627}