{"cam/image_array_a": "288_cam-image_array_a_.jpg", "cam/image_array_b": "288_cam-image_array_b_.png", "user/angle": 0.0, "user/throttle": 0.23957029938657795, "user/mode": "user", "imu/acl_x": 4.501252174377441, "imu/acl_y": -9.286897659301758, "imu/acl_z": 1.9711365699768066, "imu/gyr_x": -0.18151423335075378, "imu/gyr_y": 1.8517943620681763, "imu/gyr_z": -0.2897246479988098, "milliseconds": 42844}