{"cam/image_array_a": "55_cam-image_array_a_.jpg", "cam/image_array_b": "55_cam-image_array_b_.png", "user/angle": 0.0, "user/throttle": 0.1467940305795465, "user/mode": "user", "imu/acl_x": 1.2748644351959229, "imu/acl_y": -9.365350723266602, "imu/acl_z": 2.657602071762085, "imu/gyr_x": 0.054105207324028015, "imu/gyr_y": -0.21467550098896027, "imu/gyr_z": 0.08028514683246613, "milliseconds": 30969}