{"cam/image_array_a": "299_cam-image_array_a_.jpg", "cam/image_array_b": "299_cam-image_array_b_.png", "user/angle": 0.0, "user/throttle": 0.08882412182988983, "user/mode": "user", "imu/acl_x": 0.2059396505355835, "imu/acl_y": -5.491724014282227, "imu/acl_z": 2.696828603744507, "imu/gyr_x": -0.4136430323123932, "imu/gyr_y": 0.179768905043602, "imu/gyr_z": 0.08203047513961792, "milliseconds": 43407}