{"cam/image_array_a": "70_cam-image_array_a_.jpg", "cam/image_array_b": "70_cam-image_array_b_.png", "user/angle": 0.0, "user/throttle": 0.14949491866817224, "user/mode": "user", "imu/acl_x": 0.3628460466861725, "imu/acl_y": -6.492002010345459, "imu/acl_z": 2.637988805770874, "imu/gyr_x": -0.13089969754219055, "imu/gyr_y": 0.15707963705062866, "imu/gyr_z": 0.03839724510908127, "milliseconds": 31726}