{"cam/image_array_a": "324_cam-image_array_a_.jpg", "cam/image_array_b": "324_cam-image_array_b_.png", "user/angle": 0.0, "user/throttle": 0.17122409741508224, "user/mode": "user", "imu/acl_x": -0.3824593424797058, "imu/acl_y": -7.7570600509643555, "imu/acl_z": 3.363680839538574, "imu/gyr_x": -0.07853981852531433, "imu/gyr_y": 0.022689279168844223, "imu/gyr_z": -0.15184363722801208, "milliseconds": 44678}