{"cam/image_array_a": "89_cam-image_array_a_.jpg", "cam/image_array_b": "89_cam-image_array_b_.png", "user/angle": 0.0, "user/throttle": 0.06999420148319956, "user/mode": "user", "imu/acl_x": -0.04903324693441391, "imu/acl_y": -10.493115425109863, "imu/acl_z": 0.725692093372345, "imu/gyr_x": 0.013962633907794952, "imu/gyr_y": 0.07679449021816254, "imu/gyr_z": 0.03839724510908127, "milliseconds": 32704}