{"cam/image_array_a": "427_cam-image_array_a_.jpg", "cam/image_array_b": "427_cam-image_array_b_.png", "user/angle": -1.0, "user/throttle": 0.17975402081362346, "user/mode": "user", "imu/acl_x": -5.001391410827637, "imu/acl_y": -6.3154826164245605, "imu/acl_z": 2.5006957054138184, "imu/gyr_x": -0.2652900516986847, "imu/gyr_y": -1.673770785331726, "imu/gyr_z": 0.04188790172338486, "milliseconds": 50052}