{"cam/image_array_a": "323_cam-image_array_a_.jpg", "cam/image_array_b": "323_cam-image_array_b_.png", "user/angle": 0.0, "user/throttle": 0.19161046174504837, "user/mode": "user", "imu/acl_x": -0.127486452460289, "imu/acl_y": -10.091042518615723, "imu/acl_z": 1.9122966527938843, "imu/gyr_x": -0.11344639956951141, "imu/gyr_y": -0.008726646192371845, "imu/gyr_z": -0.18151423335075378, "milliseconds": 44633}