{"cam/image_array_a": "276_cam-image_array_a_.jpg", "cam/image_array_b": "276_cam-image_array_b_.png", "user/angle": 0.0, "user/throttle": 0.24768822290719322, "user/mode": "user", "imu/acl_x": -9.483030319213867, "imu/acl_y": -12.258312225341797, "imu/acl_z": -0.24516624212265015, "imu/gyr_x": -0.18849556148052216, "imu/gyr_y": -1.96873140335083, "imu/gyr_z": 0.4660029113292694, "milliseconds": 42243}