{"cam/image_array_a": "455_cam-image_array_a_.jpg", "cam/image_array_b": "455_cam-image_array_b_.png", "user/angle": 0.0, "user/throttle": 0.13100070192571794, "user/mode": "user", "imu/acl_x": 0.5491724014282227, "imu/acl_y": -10.002782821655273, "imu/acl_z": 2.1574628353118896, "imu/gyr_x": 0.0, "imu/gyr_y": 0.015707962214946747, "imu/gyr_z": 0.09075711667537689, "milliseconds": 51477}