{"cam/image_array_a": "50_cam-image_array_a_.jpg", "cam/image_array_b": "50_cam-image_array_b_.png", "user/angle": -0.13071077608569598, "user/throttle": 0.14178899502548295, "user/mode": "user", "imu/acl_x": 0.06864655017852783, "imu/acl_y": -9.502643585205078, "imu/acl_z": 2.559535503387451, "imu/gyr_x": -0.012217304669320583, "imu/gyr_y": -0.01745329238474369, "imu/gyr_z": -0.008726646192371845, "milliseconds": 30738}