{"cam/image_array_a": "140_cam-image_array_a_.jpg", "cam/image_array_b": "140_cam-image_array_b_.png", "user/angle": 0.0, "user/throttle": 0.22640156254768518, "user/mode": "user", "imu/acl_x": 0.7649186849594116, "imu/acl_y": -8.061065673828125, "imu/acl_z": 3.9226598739624023, "imu/gyr_x": -0.19547687470912933, "imu/gyr_y": 0.09075711667537689, "imu/gyr_z": 0.1186823844909668, "milliseconds": 35273}