{"cam/image_array_a": "433_cam-image_array_a_.jpg", "cam/image_array_b": "433_cam-image_array_b_.png", "user/angle": 0.03717154454176458, "user/throttle": 0.08674886318552202, "user/mode": "user", "imu/acl_x": -4.11879301071167, "imu/acl_y": -10.424468994140625, "imu/acl_z": -0.32361945509910583, "imu/gyr_x": 0.057595863938331604, "imu/gyr_y": -2.0106191635131836, "imu/gyr_z": 0.30194196105003357, "milliseconds": 50376}