{"cam/image_array_a": "27_cam-image_array_a_.jpg", "cam/image_array_b": "27_cam-image_array_b_.png", "user/angle": 0.0, "user/throttle": 0.11021759697256386, "user/mode": "user", "imu/acl_x": -0.0, "imu/acl_y": -9.404577255249023, "imu/acl_z": 2.3339827060699463, "imu/gyr_x": -0.008726646192371845, "imu/gyr_y": 0.01745329238474369, "imu/gyr_z": 0.01745329238474369, "milliseconds": 29545}