{"cam/image_array_a": "191_cam-image_array_a_.jpg", "cam/image_array_b": "191_cam-image_array_b_.png", "user/angle": 0.0, "user/throttle": 0.1610309152500992, "user/mode": "user", "imu/acl_x": 2.8341217041015625, "imu/acl_y": -12.493671417236328, "imu/acl_z": 0.9316317439079285, "imu/gyr_x": 0.1483529806137085, "imu/gyr_y": -0.48345619440078735, "imu/gyr_z": -0.07853981852531433, "milliseconds": 37843}