{"cam/image_array_a": "106_cam-image_array_a_.jpg", "cam/image_array_b": "106_cam-image_array_b_.png", "user/angle": 0.0, "user/throttle": 0.20441297647022919, "user/mode": "user", "imu/acl_x": -2.8145084381103516, "imu/acl_y": -10.934414863586426, "imu/acl_z": 1.3533176183700562, "imu/gyr_x": 0.19896753132343292, "imu/gyr_y": -0.9232791662216187, "imu/gyr_z": 0.2076941728591919, "milliseconds": 33554}