{"cam/image_array_a": "413_cam-image_array_a_.jpg", "cam/image_array_b": "413_cam-image_array_b_.png", "user/angle": 0.0, "user/throttle": 0.20937223426007873, "user/mode": "user", "imu/acl_x": 0.16671304404735565, "imu/acl_y": -8.757338523864746, "imu/acl_z": 2.471275806427002, "imu/gyr_x": 0.0593411922454834, "imu/gyr_y": -0.07504915446043015, "imu/gyr_z": 0.06981316953897476, "milliseconds": 49343}