{"cam/image_array_a": "3_cam-image_array_a_.jpg", "cam/image_array_b": "3_cam-image_array_b_.png", "user/angle": 0.0, "user/throttle": 0.5, "user/mode": "user", "imu/acl_x": 0.04903324693441391, "imu/acl_y": -10.130269050598145, "imu/acl_z": 1.6279038190841675, "imu/gyr_x": 0.0593411922454834, "imu/gyr_y": -0.012217304669320583, "imu/gyr_z": 0.02617993950843811, "milliseconds": 6005}