{"cam/image_array_a": "169_cam-image_array_a_.jpg", "cam/image_array_b": "169_cam-image_array_b_.png", "user/angle": -0.07336649678029725, "user/throttle": 0.07644886623737297, "user/mode": "user", "imu/acl_x": 1.8534568548202515, "imu/acl_y": -10.012589454650879, "imu/acl_z": 0.34323275089263916, "imu/gyr_x": 0.5427973866462708, "imu/gyr_y": 0.04363323003053665, "imu/gyr_z": 0.09599310904741287, "milliseconds": 36749}