{"cam/image_array_a": "208_cam-image_array_a_.jpg", "cam/image_array_b": "208_cam-image_array_b_.png", "user/angle": 1.0, "user/throttle": 0.19620349742118595, "user/mode": "user", "imu/acl_x": -0.2059396505355835, "imu/acl_y": -7.237307548522949, "imu/acl_z": 2.1574628353118896, "imu/gyr_x": -0.0872664600610733, "imu/gyr_y": 0.09948376566171646, "imu/gyr_z": -0.1483529806137085, "milliseconds": 38701}