{"cam/image_array_a": "333_cam-image_array_a_.jpg", "cam/image_array_b": "333_cam-image_array_b_.png", "user/angle": -0.5616016113773004, "user/throttle": 0.20734275337992492, "user/mode": "user", "imu/acl_x": 1.1081514358520508, "imu/acl_y": -8.904438018798828, "imu/acl_z": 3.461747407913208, "imu/gyr_x": -0.12740904092788696, "imu/gyr_y": 0.3560471534729004, "imu/gyr_z": 0.10122909396886826, "milliseconds": 45122}