{"cam/image_array_a": "339_cam-image_array_a_.jpg", "cam/image_array_b": "339_cam-image_array_b_.png", "user/angle": 0.0, "user/throttle": 0.12640766624958036, "user/mode": "user", "imu/acl_x": -1.3140910863876343, "imu/acl_y": -9.787036895751953, "imu/acl_z": 1.794616937637329, "imu/gyr_x": -0.2949606478214264, "imu/gyr_y": -1.1292279958724976, "imu/gyr_z": -0.2844886779785156, "milliseconds": 45427}