{"cam/image_array_a": "418_cam-image_array_a_.jpg", "cam/image_array_b": "418_cam-image_array_b_.png", "user/angle": 0.0, "user/throttle": 0.206366161076693, "user/mode": "user", "imu/acl_x": 0.6668521761894226, "imu/acl_y": -11.650300025939941, "imu/acl_z": 2.696828603744507, "imu/gyr_x": -0.2862339913845062, "imu/gyr_y": 0.2373647689819336, "imu/gyr_z": 0.08377580344676971, "milliseconds": 49596}