{"cam/image_array_a": "275_cam-image_array_a_.jpg", "cam/image_array_b": "275_cam-image_array_b_.png", "user/angle": 0.0, "user/throttle": 0.24849696340830713, "user/mode": "user", "imu/acl_x": -8.217972755432129, "imu/acl_y": -9.306510925292969, "imu/acl_z": 1.6279038190841675, "imu/gyr_x": 0.05235987901687622, "imu/gyr_y": -1.3805553913116455, "imu/gyr_z": 0.08377580344676971, "milliseconds": 42192}