{"cam/image_array_a": "375_cam-image_array_a_.jpg", "cam/image_array_b": "375_cam-image_array_b_.png", "user/angle": 0.0, "user/throttle": 0.11827448347422712, "user/mode": "user", "imu/acl_x": -3.5794272422790527, "imu/acl_y": -7.874739646911621, "imu/acl_z": 1.667130470275879, "imu/gyr_x": 0.06632251292467117, "imu/gyr_y": 0.06457718461751938, "imu/gyr_z": -0.19896753132343292, "milliseconds": 47254}