{"cam/image_array_a": "258_cam-image_array_a_.jpg", "cam/image_array_b": "258_cam-image_array_b_.png", "user/angle": 0.0, "user/throttle": 0.2077700125125889, "user/mode": "user", "imu/acl_x": 4.158019542694092, "imu/acl_y": -10.591181755065918, "imu/acl_z": 2.3339827060699463, "imu/gyr_x": -0.12566369771957397, "imu/gyr_y": -0.9494590759277344, "imu/gyr_z": 0.27925267815589905, "milliseconds": 41314}