{"cam/image_array_a": "297_cam-image_array_a_.jpg", "cam/image_array_b": "297_cam-image_array_b_.png", "user/angle": 0.0, "user/throttle": 0.0957213049714652, "user/mode": "user", "imu/acl_x": -1.8730701208114624, "imu/acl_y": -14.749200820922852, "imu/acl_z": -2.451662540435791, "imu/gyr_x": 0.4398229718208313, "imu/gyr_y": -0.809832751750946, "imu/gyr_z": -0.3455751836299896, "milliseconds": 43315}