{"cam/image_array_a": "430_cam-image_array_a_.jpg", "cam/image_array_b": "430_cam-image_array_b_.png", "user/angle": -1.0, "user/throttle": 0.15660573137607958, "user/mode": "user", "imu/acl_x": -2.8929617404937744, "imu/acl_y": -8.021839141845703, "imu/acl_z": 1.3925442695617676, "imu/gyr_x": 0.07155849784612656, "imu/gyr_y": -2.062979221343994, "imu/gyr_z": 0.30543261766433716, "milliseconds": 50225}