{"cam/image_array_a": "302_cam-image_array_a_.jpg", "cam/image_array_b": "302_cam-image_array_b_.png", "user/angle": 0.0, "user/throttle": 0.08882412182988983, "user/mode": "user", "imu/acl_x": -1.4906107187271118, "imu/acl_y": -7.698220252990723, "imu/acl_z": 1.1669913530349731, "imu/gyr_x": -0.06981316953897476, "imu/gyr_y": 0.21118484437465668, "imu/gyr_z": -0.07330382615327835, "milliseconds": 43590}