{"cam/image_array_a": "416_cam-image_array_a_.jpg", "cam/image_array_b": "416_cam-image_array_b_.png", "user/angle": 0.0, "user/throttle": 0.20937223426007873, "user/mode": "user", "imu/acl_x": 1.1669913530349731, "imu/acl_y": -9.022117614746094, "imu/acl_z": 3.275420904159546, "imu/gyr_x": -0.045378558337688446, "imu/gyr_y": 0.10646508634090424, "imu/gyr_z": 0.1466076523065567, "milliseconds": 49503}