{"cam/image_array_a": "425_cam-image_array_a_.jpg", "cam/image_array_b": "425_cam-image_array_b_.png", "user/angle": -1.0, "user/throttle": 0.17975402081362346, "user/mode": "user", "imu/acl_x": -1.3337043523788452, "imu/acl_y": -9.767423629760742, "imu/acl_z": 1.6769371032714844, "imu/gyr_x": 0.19024088978767395, "imu/gyr_y": 0.13613568246364594, "imu/gyr_z": 0.2059488445520401, "milliseconds": 49951}