{"cam/image_array_a": "21_cam-image_array_a_.jpg", "cam/image_array_b": "21_cam-image_array_b_.png", "user/angle": 0.0, "user/throttle": -0.5, "user/mode": "user", "imu/acl_x": 0.7453053593635559, "imu/acl_y": -8.600431442260742, "imu/acl_z": 1.1669913530349731, "imu/gyr_x": -0.09075711667537689, "imu/gyr_y": 0.04188790172338486, "imu/gyr_z": 0.2076941728591919, "milliseconds": 28735}