{"cam/image_array_a": "421_cam-image_array_a_.jpg", "cam/image_array_b": "421_cam-image_array_b_.png", "user/angle": 0.0, "user/throttle": 0.17975402081362346, "user/mode": "user", "imu/acl_x": 0.823758602142334, "imu/acl_y": -11.150160789489746, "imu/acl_z": 3.196967840194702, "imu/gyr_x": 0.0296705961227417, "imu/gyr_y": 0.13962633907794952, "imu/gyr_z": 0.04188790172338486, "milliseconds": 49753}