{"cam/image_array_a": "135_cam-image_array_a_.jpg", "cam/image_array_b": "135_cam-image_array_b_.png", "user/angle": 0.0, "user/throttle": 0.22640156254768518, "user/mode": "user", "imu/acl_x": 1.255251169204712, "imu/acl_y": -9.188830375671387, "imu/acl_z": 2.3339827060699463, "imu/gyr_x": 0.11519172787666321, "imu/gyr_y": 0.3246312439441681, "imu/gyr_z": -0.22689279913902283, "milliseconds": 35020}