{"cam/image_array_a": "181_cam-image_array_a_.jpg", "cam/image_array_b": "181_cam-image_array_b_.png", "user/angle": -1.0, "user/throttle": 0.1399731437116611, "user/mode": "user", "imu/acl_x": 1.6279038190841675, "imu/acl_y": -8.982891082763672, "imu/acl_z": 3.1381278038024902, "imu/gyr_x": -0.2652900516986847, "imu/gyr_y": -0.8552113175392151, "imu/gyr_z": 0.1448623239994049, "milliseconds": 37341}