{"cam/image_array_a": "408_cam-image_array_a_.jpg", "cam/image_array_b": "408_cam-image_array_b_.png", "user/angle": 0.0, "user/throttle": 0.20151371807000945, "user/mode": "user", "imu/acl_x": -0.009806649759411812, "imu/acl_y": -9.747809410095215, "imu/acl_z": 2.9812214374542236, "imu/gyr_x": 0.019198622554540634, "imu/gyr_y": 0.027925267815589905, "imu/gyr_z": 0.001745329238474369, "milliseconds": 49089}