{"cam/image_array_a": "81_cam-image_array_a_.jpg", "cam/image_array_b": "81_cam-image_array_b_.png", "user/angle": 0.0, "user/throttle": 0.12120426038392285, "user/mode": "user", "imu/acl_x": 0.22555294632911682, "imu/acl_y": -8.963277816772461, "imu/acl_z": 2.1378495693206787, "imu/gyr_x": -0.14137166738510132, "imu/gyr_y": 0.04188790172338486, "imu/gyr_z": -0.010471975430846214, "milliseconds": 32297}