{"cam/image_array_a": "385_cam-image_array_a_.jpg", "cam/image_array_b": "385_cam-image_array_b_.png", "user/angle": 0.0, "user/throttle": 0.1480758079775384, "user/mode": "user", "imu/acl_x": -0.34323275089263916, "imu/acl_y": -10.110655784606934, "imu/acl_z": 0.990471601486206, "imu/gyr_x": 0.008726646192371845, "imu/gyr_y": 0.06632251292467117, "imu/gyr_z": -0.031415924429893494, "milliseconds": 47750}