{"cam/image_array_a": "1_cam-image_array_a_.jpg", "cam/image_array_b": "1_cam-image_array_b_.png", "user/angle": 0.0, "user/throttle": 0.17111728263191625, "user/mode": "user", "imu/acl_x": -0.04903324693441391, "imu/acl_y": -9.561483383178711, "imu/acl_z": 1.9907499551773071, "imu/gyr_x": -0.005235987715423107, "imu/gyr_y": 0.005235987715423107, "imu/gyr_z": -0.001745329238474369, "milliseconds": 5937}