{"cam/image_array_a": "95_cam-image_array_a_.jpg", "cam/image_array_b": "95_cam-image_array_b_.png", "user/angle": 0.0, "user/throttle": 0.17246009704886014, "user/mode": "user", "imu/acl_x": 0.3628460466861725, "imu/acl_y": -8.443525314331055, "imu/acl_z": 1.5886772871017456, "imu/gyr_x": -0.027925267815589905, "imu/gyr_y": 0.01745329238474369, "imu/gyr_z": 0.01745329238474369, "milliseconds": 32999}