{"cam/image_array_a": "249_cam-image_array_a_.jpg", "cam/image_array_b": "249_cam-image_array_b_.png", "user/angle": 0.0, "user/throttle": 0.20485549485763116, "user/mode": "user", "imu/acl_x": 1.2258312702178955, "imu/acl_y": -7.49228048324585, "imu/acl_z": 3.7167203426361084, "imu/gyr_x": 0.04363323003053665, "imu/gyr_y": 0.10821041464805603, "imu/gyr_z": -0.18849556148052216, "milliseconds": 40870}