{"cam/image_array_a": "87_cam-image_array_a_.jpg", "cam/image_array_b": "87_cam-image_array_b_.png", "user/angle": 0.0, "user/throttle": 0.06472975859859005, "user/mode": "user", "imu/acl_x": -0.3628460466861725, "imu/acl_y": -8.924051284790039, "imu/acl_z": 1.0885381698608398, "imu/gyr_x": -0.05061454698443413, "imu/gyr_y": 0.03839724510908127, "imu/gyr_z": -0.01745329238474369, "milliseconds": 32610}