{"cam/image_array_a": "217_cam-image_array_a_.jpg", "cam/image_array_b": "217_cam-image_array_b_.png", "user/angle": 0.0, "user/throttle": 0.25925473799859616, "user/mode": "user", "imu/acl_x": -5.550563812255859, "imu/acl_y": -5.668243408203125, "imu/acl_z": 1.9319100379943848, "imu/gyr_x": 0.116937056183815, "imu/gyr_y": -2.268928050994873, "imu/gyr_z": 0.2897246479988098, "milliseconds": 39153}