{"cam/image_array_a": "136_cam-image_array_a_.jpg", "cam/image_array_b": "136_cam-image_array_b_.png", "user/angle": 0.0, "user/throttle": 0.22640156254768518, "user/mode": "user", "imu/acl_x": 2.471275806427002, "imu/acl_y": -9.15941047668457, "imu/acl_z": 4.589511871337891, "imu/gyr_x": -0.06283184885978699, "imu/gyr_y": 0.6265732049942017, "imu/gyr_z": -0.02617993950843811, "milliseconds": 35080}