{"cam/image_array_a": "65_cam-image_array_a_.jpg", "cam/image_array_b": "65_cam-image_array_b_.png", "user/angle": 0.0, "user/throttle": 0.14949491866817224, "user/mode": "user", "imu/acl_x": 0.509945809841156, "imu/acl_y": -8.002225875854492, "imu/acl_z": 2.7752819061279297, "imu/gyr_x": -0.04712389037013054, "imu/gyr_y": 0.06632251292467117, "imu/gyr_z": 0.031415924429893494, "milliseconds": 31484}