{"cam/image_array_a": "113_cam-image_array_a_.jpg", "cam/image_array_b": "113_cam-image_array_b_.png", "user/angle": 0.0, "user/throttle": 0.022431104464857937, "user/mode": "user", "imu/acl_x": 3.7657535076141357, "imu/acl_y": -11.856239318847656, "imu/acl_z": -0.47071918845176697, "imu/gyr_x": -0.12042772024869919, "imu/gyr_y": 0.04712389037013054, "imu/gyr_z": -0.2705260217189789, "milliseconds": 33913}