{"cam/image_array_a": "438_cam-image_array_a_.jpg", "cam/image_array_b": "438_cam-image_array_b_.png", "user/angle": 0.0, "user/throttle": 0.10486159855952636, "user/mode": "user", "imu/acl_x": -2.7752819061279297, "imu/acl_y": -7.85512638092041, "imu/acl_z": 1.3337043523788452, "imu/gyr_x": -0.0872664600610733, "imu/gyr_y": -0.13439035415649414, "imu/gyr_z": -0.04886921867728233, "milliseconds": 50608}