{"cam/image_array_a": "358_cam-image_array_a_.jpg", "cam/image_array_b": "358_cam-image_array_b_.png", "user/angle": 0.0, "user/throttle": 0.17001861629078036, "user/mode": "user", "imu/acl_x": -2.657602071762085, "imu/acl_y": -7.913966178894043, "imu/acl_z": 1.5886772871017456, "imu/gyr_x": -0.09424778074026108, "imu/gyr_y": -2.00887393951416, "imu/gyr_z": 0.3211405873298645, "milliseconds": 46384}