{"cam/image_array_a": "270_cam-image_array_a_.jpg", "cam/image_array_b": "270_cam-image_array_b_.png", "user/angle": 0.0, "user/throttle": 0.24912259285256508, "user/mode": "user", "imu/acl_x": -3.746140241622925, "imu/acl_y": -13.386076927185059, "imu/acl_z": -0.7453053593635559, "imu/gyr_x": 0.6981316804885864, "imu/gyr_y": -1.1274826526641846, "imu/gyr_z": 0.18849556148052216, "milliseconds": 41941}