{"cam/image_array_a": "110_cam-image_array_a_.jpg", "cam/image_array_b": "110_cam-image_array_b_.png", "user/angle": 0.0, "user/throttle": 0.13307596057008575, "user/mode": "user", "imu/acl_x": 2.098623037338257, "imu/acl_y": -10.512728691101074, "imu/acl_z": 2.9125750064849854, "imu/gyr_x": 0.27750733494758606, "imu/gyr_y": 0.33335787057876587, "imu/gyr_z": -0.010471975430846214, "milliseconds": 33755}