{"cam/image_array_a": "4_cam-image_array_a_.jpg", "cam/image_array_b": "4_cam-image_array_b_.png", "user/angle": 0.0, "user/throttle": 0.49963377788628804, "user/mode": "user", "imu/acl_x": -0.7453053593635559, "imu/acl_y": -10.404855728149414, "imu/acl_z": 1.1669913530349731, "imu/gyr_x": -0.2076941728591919, "imu/gyr_y": -0.07504915446043015, "imu/gyr_z": -0.09948376566171646, "milliseconds": 6056}