{"cam/image_array_a": "251_cam-image_array_a_.jpg", "cam/image_array_b": "251_cam-image_array_b_.png", "user/angle": 0.0, "user/throttle": 0.20485549485763116, "user/mode": "user", "imu/acl_x": -4.187439441680908, "imu/acl_y": -7.1392412185668945, "imu/acl_z": 1.9711365699768066, "imu/gyr_x": 0.05061454698443413, "imu/gyr_y": 0.24958208203315735, "imu/gyr_z": -0.2932153046131134, "milliseconds": 40963}