{"cam/image_array_a": "340_cam-image_array_a_.jpg", "cam/image_array_b": "340_cam-image_array_b_.png", "user/angle": -0.43061616870632036, "user/throttle": 0.13353373821222572, "user/mode": "user", "imu/acl_x": 2.8341217041015625, "imu/acl_y": -7.60015344619751, "imu/acl_z": 1.206217885017395, "imu/gyr_x": 0.07853981852531433, "imu/gyr_y": -0.5497786998748779, "imu/gyr_z": 0.05235987901687622, "milliseconds": 45504}