{"cam/image_array_a": "399_cam-image_array_a_.jpg", "cam/image_array_b": "399_cam-image_array_b_.png", "user/angle": 0.0, "user/throttle": 0.00466933194982757, "user/mode": "user", "imu/acl_x": 1.647517204284668, "imu/acl_y": -7.453053951263428, "imu/acl_z": 1.2944778203964233, "imu/gyr_x": -0.06806784123182297, "imu/gyr_y": 0.9058258533477783, "imu/gyr_z": -0.04886921867728233, "milliseconds": 48637}