{"cam/image_array_a": "118_cam-image_array_a_.jpg", "cam/image_array_b": "118_cam-image_array_b_.png", "user/angle": -0.6031983397930845, "user/throttle": 0.09318826868495743, "user/mode": "user", "imu/acl_x": -3.8049800395965576, "imu/acl_y": -11.777786254882812, "imu/acl_z": -1.1669913530349731, "imu/gyr_x": 0.3822270929813385, "imu/gyr_y": -0.2321287840604782, "imu/gyr_z": -0.18849556148052216, "milliseconds": 34170}