{"cam/image_array_a": "357_cam-image_array_a_.jpg", "cam/image_array_b": "357_cam-image_array_b_.png", "user/angle": -0.41871395001068146, "user/throttle": 0.16566972869045077, "user/mode": "user", "imu/acl_x": -1.6279038190841675, "imu/acl_y": -8.845598220825195, "imu/acl_z": 0.5295590758323669, "imu/gyr_x": 0.08028514683246613, "imu/gyr_y": -2.0751965045928955, "imu/gyr_z": 0.39618974924087524, "milliseconds": 46331}