{"cam/image_array_a": "285_cam-image_array_a_.jpg", "cam/image_array_b": "285_cam-image_array_b_.png", "user/angle": 1.0, "user/throttle": 0.16872157963805048, "user/mode": "user", "imu/acl_x": 2.490889072418213, "imu/acl_y": -12.856517791748047, "imu/acl_z": 0.26477953791618347, "imu/gyr_x": -0.024434609338641167, "imu/gyr_y": 0.2373647689819336, "imu/gyr_z": 0.31241393089294434, "milliseconds": 42693}