{"cam/image_array_a": "464_cam-image_array_a_.jpg", "cam/image_array_b": "464_cam-image_array_b_.png", "user/angle": 0.0, "user/throttle": 0.21810052797021393, "user/mode": "user", "imu/acl_x": 1.0885381698608398, "imu/acl_y": -8.080678939819336, "imu/acl_z": 4.099179744720459, "imu/gyr_x": -0.08028514683246613, "imu/gyr_y": 0.013962633907794952, "imu/gyr_z": -0.06283184885978699, "milliseconds": 51934}