{"cam/image_array_a": "292_cam-image_array_a_.jpg", "cam/image_array_b": "292_cam-image_array_b_.png", "user/angle": -0.880977813043611, "user/throttle": 0.2293160802026429, "user/mode": "user", "imu/acl_x": -2.5006957054138184, "imu/acl_y": -6.16838264465332, "imu/acl_z": 2.7556686401367188, "imu/gyr_x": -0.3508111834526062, "imu/gyr_y": 0.19547687470912933, "imu/gyr_z": -0.45727625489234924, "milliseconds": 43045}