{"cam/image_array_a": "141_cam-image_array_a_.jpg", "cam/image_array_b": "141_cam-image_array_b_.png", "user/angle": -0.1531723990600299, "user/throttle": 0.22640156254768518, "user/mode": "user", "imu/acl_x": -0.7453053593635559, "imu/acl_y": -9.590903282165527, "imu/acl_z": 2.2947559356689453, "imu/gyr_x": 0.09075711667537689, "imu/gyr_y": 0.10995574295520782, "imu/gyr_z": -0.16231562197208405, "milliseconds": 35325}