{"cam/image_array_a": "64_cam-image_array_a_.jpg", "cam/image_array_b": "64_cam-image_array_b_.png", "user/angle": 0.0, "user/throttle": 0.14949491866817224, "user/mode": "user", "imu/acl_x": -0.627625584602356, "imu/acl_y": -8.080678939819336, "imu/acl_z": 2.1378495693206787, "imu/gyr_x": 0.031415924429893494, "imu/gyr_y": 0.022689279168844223, "imu/gyr_z": 0.06283184885978699, "milliseconds": 31428}