{"cam/image_array_a": "204_cam-image_array_a_.jpg", "cam/image_array_b": "204_cam-image_array_b_.png", "user/angle": 0.0, "user/throttle": 0.19949949644459364, "user/mode": "user", "imu/acl_x": -4.883711814880371, "imu/acl_y": -5.80553674697876, "imu/acl_z": 2.8145084381103516, "imu/gyr_x": -0.07853981852531433, "imu/gyr_y": -0.15358898043632507, "imu/gyr_z": -0.13613568246364594, "milliseconds": 38508}