{"cam/image_array_a": "294_cam-image_array_a_.jpg", "cam/image_array_b": "294_cam-image_array_b_.png", "user/angle": 0.0, "user/throttle": 0.11912900173955504, "user/mode": "user", "imu/acl_x": -5.648630142211914, "imu/acl_y": -13.258590698242188, "imu/acl_z": 0.0, "imu/gyr_x": 0.19024088978767395, "imu/gyr_y": -0.8063421249389648, "imu/gyr_z": 0.16755160689353943, "milliseconds": 43150}