{"cam/image_array_a": "363_cam-image_array_a_.jpg", "cam/image_array_b": "363_cam-image_array_b_.png", "user/angle": 0.0, "user/throttle": 0.18222602008117925, "user/mode": "user", "imu/acl_x": 1.8534568548202515, "imu/acl_y": -8.54159164428711, "imu/acl_z": 2.598762273788452, "imu/gyr_x": -0.2583087384700775, "imu/gyr_y": 0.027925267815589905, "imu/gyr_z": 0.11519172787666321, "milliseconds": 46639}