{"cam/image_array_a": "378_cam-image_array_a_.jpg", "cam/image_array_b": "378_cam-image_array_b_.png", "user/angle": 0.0, "user/throttle": 0.013000885036774804, "user/mode": "user", "imu/acl_x": 2.2751426696777344, "imu/acl_y": -9.384963989257812, "imu/acl_z": 0.6668521761894226, "imu/gyr_x": -0.07155849784612656, "imu/gyr_y": 0.036651913076639175, "imu/gyr_z": 0.09773843735456467, "milliseconds": 47407}