{"cam/image_array_a": "264_cam-image_array_a_.jpg", "cam/image_array_b": "264_cam-image_array_b_.png", "user/angle": 0.0, "user/throttle": 0.2446668904690695, "user/mode": "user", "imu/acl_x": 2.579148769378662, "imu/acl_y": -6.374322414398193, "imu/acl_z": 1.4709974527359009, "imu/gyr_x": 0.11344639956951141, "imu/gyr_y": 2.0106191635131836, "imu/gyr_z": -0.5707226395606995, "milliseconds": 41672}