{"cam/image_array_a": "457_cam-image_array_a_.jpg", "cam/image_array_b": "457_cam-image_array_b_.png", "user/angle": 0.0, "user/throttle": 0.2185125278481399, "user/mode": "user", "imu/acl_x": -0.009806649759411812, "imu/acl_y": -10.208722114562988, "imu/acl_z": 3.6774935722351074, "imu/gyr_x": 0.036651913076639175, "imu/gyr_y": 0.0296705961227417, "imu/gyr_z": 0.07155849784612656, "milliseconds": 51564}