{"cam/image_array_a": "212_cam-image_array_a_.jpg", "cam/image_array_b": "212_cam-image_array_b_.png", "user/angle": 0.0, "user/throttle": 0.2273323770867031, "user/mode": "user", "imu/acl_x": 0.509945809841156, "imu/acl_y": -10.84615421295166, "imu/acl_z": 1.6082905530929565, "imu/gyr_x": -0.0593411922454834, "imu/gyr_y": 1.0192723274230957, "imu/gyr_z": 0.0890117883682251, "milliseconds": 38914}