{"cam/image_array_a": "224_cam-image_array_a_.jpg", "cam/image_array_b": "224_cam-image_array_b_.png", "user/angle": 0.0, "user/throttle": 0.22223578600421157, "user/mode": "user", "imu/acl_x": 6.393935680389404, "imu/acl_y": -19.191614151000977, "imu/acl_z": 0.990471601486206, "imu/gyr_x": 0.3281219005584717, "imu/gyr_y": 0.7435102462768555, "imu/gyr_z": 0.13264502584934235, "milliseconds": 39571}