{"cam/image_array_a": "125_cam-image_array_a_.jpg", "cam/image_array_b": "125_cam-image_array_b_.png", "user/angle": 0.0, "user/throttle": 0.18008972441785942, "user/mode": "user", "imu/acl_x": 0.725692093372345, "imu/acl_y": -11.091320991516113, "imu/acl_z": 3.3440675735473633, "imu/gyr_x": -0.07504915446043015, "imu/gyr_y": 0.12566369771957397, "imu/gyr_z": 0.22514747083187103, "milliseconds": 34522}