{"cam/image_array_a": "234_cam-image_array_a_.jpg", "cam/image_array_b": "234_cam-image_array_b_.png", "user/angle": -1.0, "user/throttle": 0.12425611133152256, "user/mode": "user", "imu/acl_x": -5.972249507904053, "imu/acl_y": -5.589790344238281, "imu/acl_z": 1.5886772871017456, "imu/gyr_x": -0.39618974924087524, "imu/gyr_y": -2.616248607635498, "imu/gyr_z": 0.3193952441215515, "milliseconds": 40125}