{"cam/image_array_a": "372_cam-image_array_a_.jpg", "cam/image_array_b": "372_cam-image_array_b_.png", "user/angle": 0.0, "user/throttle": 0.17218543046357615, "user/mode": "user", "imu/acl_x": 3.6186537742614746, "imu/acl_y": -7.354987144470215, "imu/acl_z": 3.7363336086273193, "imu/gyr_x": 0.012217304669320583, "imu/gyr_y": -1.0227628946304321, "imu/gyr_z": 0.21118484437465668, "milliseconds": 47101}