{"cam/image_array_a": "176_cam-image_array_a_.jpg", "cam/image_array_b": "176_cam-image_array_b_.png", "user/angle": -1.0, "user/throttle": 0.076113162633137, "user/mode": "user", "imu/acl_x": -2.7164418697357178, "imu/acl_y": -8.56120491027832, "imu/acl_z": 0.8727918267250061, "imu/gyr_x": -0.0593411922454834, "imu/gyr_y": -2.0385446548461914, "imu/gyr_z": 0.10995574295520782, "milliseconds": 37086}