{"cam/image_array_a": "128_cam-image_array_a_.jpg", "cam/image_array_b": "128_cam-image_array_b_.png", "user/angle": 0.041169469283120215, "user/throttle": 0.05838190862758263, "user/mode": "user", "imu/acl_x": -0.0, "imu/acl_y": -11.591460227966309, "imu/acl_z": 1.667130470275879, "imu/gyr_x": -0.013962633907794952, "imu/gyr_y": 0.09075711667537689, "imu/gyr_z": -0.03839724510908127, "milliseconds": 34671}