{"cam/image_array_a": "205_cam-image_array_a_.jpg", "cam/image_array_b": "205_cam-image_array_b_.png", "user/angle": 0.0, "user/throttle": 0.17218543046357615, "user/mode": "user", "imu/acl_x": 4.805258274078369, "imu/acl_y": -8.502365112304688, "imu/acl_z": 3.1381278038024902, "imu/gyr_x": -0.16755160689353943, "imu/gyr_y": 0.37175512313842773, "imu/gyr_z": 0.27925267815589905, "milliseconds": 38552}