{"cam/image_array_a": "197_cam-image_array_a_.jpg", "cam/image_array_b": "197_cam-image_array_b_.png", "user/angle": -1.0, "user/throttle": 0.24036378063295388, "user/mode": "user", "imu/acl_x": -3.6186537742614746, "imu/acl_y": -7.580540180206299, "imu/acl_z": 4.766031742095947, "imu/gyr_x": 0.12217304855585098, "imu/gyr_y": -0.4171336889266968, "imu/gyr_z": 0.08203047513961792, "milliseconds": 38148}