{"cam/image_array_a": "404_cam-image_array_a_.jpg", "cam/image_array_b": "404_cam-image_array_b_.png", "user/angle": 0.0, "user/throttle": 0.0836817529831843, "user/mode": "user", "imu/acl_x": 0.2059396505355835, "imu/acl_y": -8.365072250366211, "imu/acl_z": 0.8335652351379395, "imu/gyr_x": -0.03316125646233559, "imu/gyr_y": 0.01745329238474369, "imu/gyr_z": -0.022689279168844223, "milliseconds": 48882}