{"cam/image_array_a": "371_cam-image_array_a_.jpg", "cam/image_array_b": "371_cam-image_array_b_.png", "user/angle": 0.0, "user/throttle": 0.1882076479384747, "user/mode": "user", "imu/acl_x": -4.766031742095947, "imu/acl_y": -7.296147346496582, "imu/acl_z": 1.1473779678344727, "imu/gyr_x": 0.21816615760326385, "imu/gyr_y": -3.230604410171509, "imu/gyr_z": 0.21991148591041565, "milliseconds": 47055}