{"cam/image_array_a": "442_cam-image_array_a_.jpg", "cam/image_array_b": "442_cam-image_array_b_.png", "user/angle": -1.0, "user/throttle": 0.09474471266823328, "user/mode": "user", "imu/acl_x": -1.1473779678344727, "imu/acl_y": -7.472667217254639, "imu/acl_z": 2.1378495693206787, "imu/gyr_x": -0.031415924429893494, "imu/gyr_y": -0.06806784123182297, "imu/gyr_z": 0.036651913076639175, "milliseconds": 50814}