{"cam/image_array_a": "424_cam-image_array_a_.jpg", "cam/image_array_b": "424_cam-image_array_b_.png", "user/angle": -0.9772026734214301, "user/throttle": 0.17975402081362346, "user/mode": "user", "imu/acl_x": -0.14709974825382233, "imu/acl_y": -8.94366455078125, "imu/acl_z": 2.9125750064849854, "imu/gyr_x": -0.30717796087265015, "imu/gyr_y": 0.4101523756980896, "imu/gyr_z": 0.11344639956951141, "milliseconds": 49909}