{"cam/image_array_a": "199_cam-image_array_a_.jpg", "cam/image_array_b": "199_cam-image_array_b_.png", "user/angle": 0.0, "user/throttle": 0.21912289803765983, "user/mode": "user", "imu/acl_x": -1.794616937637329, "imu/acl_y": -4.746418476104736, "imu/acl_z": 4.020726203918457, "imu/gyr_x": -0.404916375875473, "imu/gyr_y": -1.279326319694519, "imu/gyr_z": 0.5777039527893066, "milliseconds": 38262}