{"cam/image_array_a": "116_cam-image_array_a_.jpg", "cam/image_array_b": "116_cam-image_array_b_.png", "user/angle": -0.6094241157261879, "user/throttle": 0.09038056581316568, "user/mode": "user", "imu/acl_x": -1.010084867477417, "imu/acl_y": -13.003617286682129, "imu/acl_z": -0.24516624212265015, "imu/gyr_x": 0.2565633952617645, "imu/gyr_y": -0.04886921867728233, "imu/gyr_z": -0.17104226350784302, "milliseconds": 34061}