{"cam/image_array_a": "183_cam-image_array_a_.jpg", "cam/image_array_b": "183_cam-image_array_b_.png", "user/angle": -1.0, "user/throttle": 0.13774529251991333, "user/mode": "user", "imu/acl_x": -1.010084867477417, "imu/acl_y": -10.787314414978027, "imu/acl_z": 2.2751426696777344, "imu/gyr_x": -0.09948376566171646, "imu/gyr_y": -0.3804817795753479, "imu/gyr_z": 0.3822270929813385, "milliseconds": 37444}