{"cam/image_array_a": "171_cam-image_array_a_.jpg", "cam/image_array_b": "171_cam-image_array_b_.png", "user/angle": -1.0, "user/throttle": 0.08023316141239661, "user/mode": "user", "imu/acl_x": 1.7161637544631958, "imu/acl_y": -5.452497482299805, "imu/acl_z": 3.363680839538574, "imu/gyr_x": -0.5777039527893066, "imu/gyr_y": 0.16580627858638763, "imu/gyr_z": 0.20943951606750488, "milliseconds": 36834}