{"cam/image_array_a": "47_cam-image_array_a_.jpg", "cam/image_array_b": "47_cam-image_array_b_.png", "user/angle": -0.25037385174108095, "user/throttle": 0.13068025757621998, "user/mode": "user", "imu/acl_x": -0.4314925968647003, "imu/acl_y": -9.92432975769043, "imu/acl_z": 1.833843469619751, "imu/gyr_x": 0.04712389037013054, "imu/gyr_y": -0.02094395086169243, "imu/gyr_z": 0.01745329238474369, "milliseconds": 30581}