{"cam/image_array_a": "346_cam-image_array_a_.jpg", "cam/image_array_b": "346_cam-image_array_b_.png", "user/angle": 0.0, "user/throttle": 0.13519699697866755, "user/mode": "user", "imu/acl_x": -1.3337043523788452, "imu/acl_y": -6.452775478363037, "imu/acl_z": 2.598762273788452, "imu/gyr_x": -0.16580627858638763, "imu/gyr_y": -0.13089969754219055, "imu/gyr_z": -0.5550146698951721, "milliseconds": 45799}