{"cam/image_array_a": "185_cam-image_array_a_.jpg", "cam/image_array_b": "185_cam-image_array_b_.png", "user/angle": -1.0, "user/throttle": 0.14207892086550492, "user/mode": "user", "imu/acl_x": -1.010084867477417, "imu/acl_y": -9.286897659301758, "imu/acl_z": 1.2944778203964233, "imu/gyr_x": 0.012217304669320583, "imu/gyr_y": -1.535889744758606, "imu/gyr_z": 0.296705961227417, "milliseconds": 37540}