{"cam/image_array_a": "265_cam-image_array_a_.jpg", "cam/image_array_b": "265_cam-image_array_b_.png", "user/angle": 0.0, "user/throttle": 0.2455061494796594, "user/mode": "user", "imu/acl_x": 1.5886772871017456, "imu/acl_y": -11.973918914794922, "imu/acl_z": 0.18632633984088898, "imu/gyr_x": -0.10995574295520782, "imu/gyr_y": 2.2567107677459717, "imu/gyr_z": 0.09424778074026108, "milliseconds": 41692}