{"cam/image_array_a": "463_cam-image_array_a_.jpg", "cam/image_array_b": "463_cam-image_array_b_.png", "user/angle": 0.0, "user/throttle": 0.21713919492172, "user/mode": "user", "imu/acl_x": 2.1182363033294678, "imu/acl_y": -9.590903282165527, "imu/acl_z": 4.040339469909668, "imu/gyr_x": -0.005235987715423107, "imu/gyr_y": 0.0, "imu/gyr_z": 0.3228859007358551, "milliseconds": 51864}