{"cam/image_array_a": "447_cam-image_array_a_.jpg", "cam/image_array_b": "447_cam-image_array_b_.png", "user/angle": -1.0, "user/throttle": 0.11162144840845974, "user/mode": "user", "imu/acl_x": 1.010084867477417, "imu/acl_y": -11.375713348388672, "imu/acl_z": 0.9120184183120728, "imu/gyr_x": 0.116937056183815, "imu/gyr_y": -1.185078501701355, "imu/gyr_z": 0.16755160689353943, "milliseconds": 51071}