{"cam/image_array_a": "71_cam-image_array_a_.jpg", "cam/image_array_b": "71_cam-image_array_b_.png", "user/angle": 0.0, "user/throttle": 0.14949491866817224, "user/mode": "user", "imu/acl_x": 0.08825984597206116, "imu/acl_y": -9.34573745727539, "imu/acl_z": 1.5690639019012451, "imu/gyr_x": -0.001745329238474369, "imu/gyr_y": 0.036651913076639175, "imu/gyr_z": 0.01745329238474369, "milliseconds": 31789}