{"cam/image_array_a": "443_cam-image_array_a_.jpg", "cam/image_array_b": "443_cam-image_array_b_.png", "user/angle": -1.0, "user/throttle": 0.09474471266823328, "user/mode": "user", "imu/acl_x": -2.8537349700927734, "imu/acl_y": -7.698220252990723, "imu/acl_z": 0.7453053593635559, "imu/gyr_x": -0.024434609338641167, "imu/gyr_y": -0.7539822459220886, "imu/gyr_z": 0.15707963705062866, "milliseconds": 50872}