{"cam/image_array_a": "282_cam-image_array_a_.jpg", "cam/image_array_b": "282_cam-image_array_b_.png", "user/angle": 0.0, "user/throttle": 0.22969756157109286, "user/mode": "user", "imu/acl_x": -4.403185844421387, "imu/acl_y": -8.423912048339844, "imu/acl_z": 2.0692031383514404, "imu/gyr_x": 0.08028514683246613, "imu/gyr_y": -1.3369221687316895, "imu/gyr_z": 0.4345869719982147, "milliseconds": 42542}