{"cam/image_array_a": "342_cam-image_array_a_.jpg", "cam/image_array_b": "342_cam-image_array_b_.png", "user/angle": 0.0, "user/throttle": 0.1478316599017304, "user/mode": "user", "imu/acl_x": -1.0885381698608398, "imu/acl_y": -6.9136881828308105, "imu/acl_z": 2.5399222373962402, "imu/gyr_x": -0.2617993950843811, "imu/gyr_y": 0.11170107126235962, "imu/gyr_z": 0.30194196105003357, "milliseconds": 45578}