{"cam/image_array_a": "298_cam-image_array_a_.jpg", "cam/image_array_b": "298_cam-image_array_b_.png", "user/angle": 0.0, "user/throttle": 0.08882412182988983, "user/mode": "user", "imu/acl_x": -0.7845319509506226, "imu/acl_y": -9.728196144104004, "imu/acl_z": 0.5687856674194336, "imu/gyr_x": -0.1780235767364502, "imu/gyr_y": -0.03316125646233559, "imu/gyr_z": -0.04363323003053665, "milliseconds": 43366}