{"cam/image_array_a": "389_cam-image_array_a_.jpg", "cam/image_array_b": "389_cam-image_array_b_.png", "user/angle": 0.0, "user/throttle": 0.04686117130039369, "user/mode": "user", "imu/acl_x": -0.5491724014282227, "imu/acl_y": -8.159132957458496, "imu/acl_z": 1.1277647018432617, "imu/gyr_x": 0.04712389037013054, "imu/gyr_y": -0.16057029366493225, "imu/gyr_z": -0.03839724510908127, "milliseconds": 47971}