{"cam/image_array_a": "349_cam-image_array_a_.jpg", "cam/image_array_b": "349_cam-image_array_b_.png", "user/angle": -0.9103976561784722, "user/throttle": 0.1816003906369213, "user/mode": "user", "imu/acl_x": -0.9512450098991394, "imu/acl_y": -11.679719924926758, "imu/acl_z": -0.10787314921617508, "imu/gyr_x": 0.3176499307155609, "imu/gyr_y": 0.3263765573501587, "imu/gyr_z": -0.06283184885978699, "milliseconds": 45928}