{"cam/image_array_a": "180_cam-image_array_a_.jpg", "cam/image_array_b": "180_cam-image_array_b_.png", "user/angle": -0.2708822901089511, "user/throttle": 0.1480758079775384, "user/mode": "user", "imu/acl_x": 1.7161637544631958, "imu/acl_y": -11.856239318847656, "imu/acl_z": -0.04903324693441391, "imu/gyr_x": 0.1186823844909668, "imu/gyr_y": -1.2950342893600464, "imu/gyr_z": 0.46076691150665283, "milliseconds": 37292}