{"cam/image_array_a": "94_cam-image_array_a_.jpg", "cam/image_array_b": "94_cam-image_array_b_.png", "user/angle": 0.0, "user/throttle": 0.10618915372173222, "user/mode": "user", "imu/acl_x": -0.5883989930152893, "imu/acl_y": -10.43427562713623, "imu/acl_z": 1.1669913530349731, "imu/gyr_x": 0.0296705961227417, "imu/gyr_y": 0.04712389037013054, "imu/gyr_z": -0.015707962214946747, "milliseconds": 32939}