{"cam/image_array_a": "69_cam-image_array_a_.jpg", "cam/image_array_b": "69_cam-image_array_b_.png", "user/angle": 0.0, "user/throttle": 0.14949491866817224, "user/mode": "user", "imu/acl_x": 0.7845319509506226, "imu/acl_y": -9.34573745727539, "imu/acl_z": 2.9125750064849854, "imu/gyr_x": -0.20943951606750488, "imu/gyr_y": 0.14137166738510132, "imu/gyr_z": 0.13264502584934235, "milliseconds": 31674}