{"cam/image_array_a": "436_cam-image_array_a_.jpg", "cam/image_array_b": "436_cam-image_array_b_.png", "user/angle": -0.5492721335489975, "user/throttle": 0.09807123020111698, "user/mode": "user", "imu/acl_x": 1.794616937637329, "imu/acl_y": -11.836626052856445, "imu/acl_z": -0.45110589265823364, "imu/gyr_x": 0.21293017268180847, "imu/gyr_y": -0.644026517868042, "imu/gyr_z": 0.07504915446043015, "milliseconds": 50500}