{"cam/image_array_a": "316_cam-image_array_a_.jpg", "cam/image_array_b": "316_cam-image_array_b_.png", "user/angle": 0.0, "user/throttle": 0.12794885097811823, "user/mode": "user", "imu/acl_x": -0.18632633984088898, "imu/acl_y": -11.797399520874023, "imu/acl_z": -0.6864655017852783, "imu/gyr_x": 0.39444440603256226, "imu/gyr_y": 0.21816615760326385, "imu/gyr_z": -0.001745329238474369, "milliseconds": 44278}