{"cam/image_array_a": "12_cam-image_array_a_.jpg", "cam/image_array_b": "12_cam-image_array_b_.png", "user/angle": 0.0, "user/throttle": -0.5, "user/mode": "user", "imu/acl_x": -0.08825984597206116, "imu/acl_y": -9.826263427734375, "imu/acl_z": 1.0493115186691284, "imu/gyr_x": -0.008726646192371845, "imu/gyr_y": 0.013962633907794952, "imu/gyr_z": -0.008726646192371845, "milliseconds": 27375}