{"cam/image_array_a": "146_cam-image_array_a_.jpg", "cam/image_array_b": "146_cam-image_array_b_.png", "user/angle": 0.0, "user/throttle": 0.22640156254768518, "user/mode": "user", "imu/acl_x": 1.5298373699188232, "imu/acl_y": -6.070316314697266, "imu/acl_z": 5.20733118057251, "imu/gyr_x": -0.09424778074026108, "imu/gyr_y": -0.7993608117103577, "imu/gyr_z": 0.27750733494758606, "milliseconds": 35576}