{"cam/image_array_a": "353_cam-image_array_a_.jpg", "cam/image_array_b": "353_cam-image_array_b_.png", "user/angle": -0.9819330423902096, "user/throttle": 0.18286690878017517, "user/mode": "user", "imu/acl_x": -0.7060787677764893, "imu/acl_y": -7.374600410461426, "imu/acl_z": 2.8929617404937744, "imu/gyr_x": -0.37000980973243713, "imu/gyr_y": -1.972222089767456, "imu/gyr_z": 0.720820963382721, "milliseconds": 46126}