{"cam/image_array_a": "255_cam-image_array_a_.jpg", "cam/image_array_b": "255_cam-image_array_b_.png", "user/angle": 0.0, "user/throttle": 0.2041840876491592, "user/mode": "user", "imu/acl_x": -3.5794272422790527, "imu/acl_y": -10.091042518615723, "imu/acl_z": -0.34323275089263916, "imu/gyr_x": -0.15707963705062866, "imu/gyr_y": -1.2531464099884033, "imu/gyr_z": 0.343829870223999, "milliseconds": 41165}