{"cam/image_array_a": "374_cam-image_array_a_.jpg", "cam/image_array_b": "374_cam-image_array_b_.png", "user/angle": 0.0, "user/throttle": 0.15379802850428784, "user/mode": "user", "imu/acl_x": 1.9711365699768066, "imu/acl_y": -5.933022975921631, "imu/acl_z": 3.383294105529785, "imu/gyr_x": -0.19547687470912933, "imu/gyr_y": -0.0890117883682251, "imu/gyr_z": 0.01745329238474369, "milliseconds": 47194}