{"cam/image_array_a": "308_cam-image_array_a_.jpg", "cam/image_array_b": "308_cam-image_array_b_.png", "user/angle": 0.011688589129306926, "user/throttle": 0.17029328287606432, "user/mode": "user", "imu/acl_x": 1.2748644351959229, "imu/acl_y": -8.521978378295898, "imu/acl_z": 1.8730701208114624, "imu/gyr_x": 0.3211405873298645, "imu/gyr_y": 0.16929693520069122, "imu/gyr_z": -0.21816615760326385, "milliseconds": 43871}