{"cam/image_array_a": "42_cam-image_array_a_.jpg", "cam/image_array_b": "42_cam-image_array_b_.png", "user/angle": 0.0, "user/throttle": 0.11291848506118961, "user/mode": "user", "imu/acl_x": 0.06864655017852783, "imu/acl_y": -9.767423629760742, "imu/acl_z": 1.6965503692626953, "imu/gyr_x": 0.027925267815589905, "imu/gyr_y": 0.0, "imu/gyr_z": -0.005235987715423107, "milliseconds": 30318}