{"cam/image_array_a": "63_cam-image_array_a_.jpg", "cam/image_array_b": "63_cam-image_array_b_.png", "user/angle": 0.0, "user/throttle": 0.14949491866817224, "user/mode": "user", "imu/acl_x": 0.7453053593635559, "imu/acl_y": -9.041730880737305, "imu/acl_z": 1.8730701208114624, "imu/gyr_x": 0.045378558337688446, "imu/gyr_y": 0.03490658476948738, "imu/gyr_z": 0.08377580344676971, "milliseconds": 31376}