{"cam/image_array_a": "379_cam-image_array_a_.jpg", "cam/image_array_b": "379_cam-image_array_b_.png", "user/angle": 0.0, "user/throttle": 0.1162297433393353, "user/mode": "user", "imu/acl_x": -1.7750035524368286, "imu/acl_y": -8.316039085388184, "imu/acl_z": -0.7060787677764893, "imu/gyr_x": 0.19198621809482574, "imu/gyr_y": 0.015707962214946747, "imu/gyr_z": -0.0593411922454834, "milliseconds": 47456}