{"cam/image_array_a": "289_cam-image_array_a_.jpg", "cam/image_array_b": "289_cam-image_array_b_.png", "user/angle": 0.0, "user/throttle": 0.2532120731223487, "user/mode": "user", "imu/acl_x": -1.7161637544631958, "imu/acl_y": -11.277647018432617, "imu/acl_z": 1.1473779678344727, "imu/gyr_x": 0.3892084062099457, "imu/gyr_y": 1.3648474216461182, "imu/gyr_z": -0.5619960427284241, "milliseconds": 42893}