{"cam/image_array_a": "187_cam-image_array_a_.jpg", "cam/image_array_b": "187_cam-image_array_b_.png", "user/angle": -1.0, "user/throttle": 0.14587847529526657, "user/mode": "user", "imu/acl_x": -3.255807638168335, "imu/acl_y": -8.482751846313477, "imu/acl_z": 3.422520875930786, "imu/gyr_x": -0.12217304855585098, "imu/gyr_y": -1.3997540473937988, "imu/gyr_z": 0.2548180818557739, "milliseconds": 37648}