{"cam/image_array_a": "280_cam-image_array_a_.jpg", "cam/image_array_b": "280_cam-image_array_b_.png", "user/angle": -0.0010681478316599017, "user/throttle": 0.29490035706656087, "user/mode": "user", "imu/acl_x": -1.1081514358520508, "imu/acl_y": -10.32640266418457, "imu/acl_z": 2.3339827060699463, "imu/gyr_x": -0.18849556148052216, "imu/gyr_y": 0.08028514683246613, "imu/gyr_z": 0.15358898043632507, "milliseconds": 42443}