{"cam/image_array_a": "410_cam-image_array_a_.jpg", "cam/image_array_b": "410_cam-image_array_b_.png", "user/angle": 0.0, "user/throttle": 0.20194097720267343, "user/mode": "user", "imu/acl_x": 1.431770920753479, "imu/acl_y": -8.119906425476074, "imu/acl_z": 4.305119037628174, "imu/gyr_x": -0.09599310904741287, "imu/gyr_y": 0.005235987715423107, "imu/gyr_z": 0.11344639956951141, "milliseconds": 49190}