{"cam/image_array_a": "301_cam-image_array_a_.jpg", "cam/image_array_b": "301_cam-image_array_b_.png", "user/angle": 0.0, "user/throttle": 0.08882412182988983, "user/mode": "user", "imu/acl_x": 2.3143694400787354, "imu/acl_y": -8.296425819396973, "imu/acl_z": 1.647517204284668, "imu/gyr_x": -0.054105207324028015, "imu/gyr_y": 0.36128315329551697, "imu/gyr_z": 0.28274333477020264, "milliseconds": 43526}