{"cam/image_array_a": "242_cam-image_array_a_.jpg", "cam/image_array_b": "242_cam-image_array_b_.png", "user/angle": 0.0, "user/throttle": 0.18897061067537463, "user/mode": "user", "imu/acl_x": -2.8537349700927734, "imu/acl_y": -5.325010776519775, "imu/acl_z": 1.1081514358520508, "imu/gyr_x": 0.296705961227417, "imu/gyr_y": -2.3963370323181152, "imu/gyr_z": 0.3839724361896515, "milliseconds": 40510}