{"cam/image_array_a": "450_cam-image_array_a_.jpg", "cam/image_array_b": "450_cam-image_array_b_.png", "user/angle": 0.0, "user/throttle": 0.11537522507400738, "user/mode": "user", "imu/acl_x": -0.509945809841156, "imu/acl_y": -9.120183944702148, "imu/acl_z": 0.45110589265823364, "imu/gyr_x": 0.07155849784612656, "imu/gyr_y": -1.0227628946304321, "imu/gyr_z": 0.13788101077079773, "milliseconds": 51210}