{"cam/image_array_a": "347_cam-image_array_a_.jpg", "cam/image_array_b": "347_cam-image_array_b_.png", "user/angle": -0.0011597033600878933, "user/throttle": 0.1466109195226905, "user/mode": "user", "imu/acl_x": -0.509945809841156, "imu/acl_y": -11.993532180786133, "imu/acl_z": 0.9120184183120728, "imu/gyr_x": 0.23387411236763, "imu/gyr_y": 0.21816615760326385, "imu/gyr_z": -0.13788101077079773, "milliseconds": 45829}