{"cam/image_array_a": "330_cam-image_array_a_.jpg", "cam/image_array_b": "330_cam-image_array_b_.png", "user/angle": 0.0, "user/throttle": 0.206579790643025, "user/mode": "user", "imu/acl_x": 0.26477953791618347, "imu/acl_y": -6.668521881103516, "imu/acl_z": 2.9812214374542236, "imu/gyr_x": -0.2583087384700775, "imu/gyr_y": -0.010471975430846214, "imu/gyr_z": 0.08552113175392151, "milliseconds": 44970}