{"cam/image_array_a": "26_cam-image_array_a_.jpg", "cam/image_array_b": "26_cam-image_array_b_.png", "user/angle": 0.0, "user/throttle": 0.10631122775963622, "user/mode": "user", "imu/acl_x": -0.04903324693441391, "imu/acl_y": -9.63012981414795, "imu/acl_z": 2.0495898723602295, "imu/gyr_x": -0.010471975430846214, "imu/gyr_y": 0.0, "imu/gyr_z": 0.0, "milliseconds": 29484}