{"cam/image_array_a": "395_cam-image_array_a_.jpg", "cam/image_array_b": "395_cam-image_array_b_.png", "user/angle": 0.0, "user/throttle": 0.021332438123722038, "user/mode": "user", "imu/acl_x": 1.2454445362091064, "imu/acl_y": -7.678606986999512, "imu/acl_z": -0.2059396505355835, "imu/gyr_x": 0.2844886779785156, "imu/gyr_y": -1.925098180770874, "imu/gyr_z": 0.19547687470912933, "milliseconds": 48256}