{"cam/image_array_a": "111_cam-image_array_a_.jpg", "cam/image_array_b": "111_cam-image_array_b_.png", "user/angle": 0.0, "user/throttle": 0.05563524277474288, "user/mode": "user", "imu/acl_x": -0.8924051523208618, "imu/acl_y": -9.061344146728516, "imu/acl_z": 2.0495898723602295, "imu/gyr_x": 0.2059488445520401, "imu/gyr_y": 0.3752457797527313, "imu/gyr_z": -0.33335787057876587, "milliseconds": 33808}