{"cam/image_array_a": "414_cam-image_array_a_.jpg", "cam/image_array_b": "414_cam-image_array_b_.png", "user/angle": 0.0, "user/throttle": 0.20937223426007873, "user/mode": "user", "imu/acl_x": -0.823758602142334, "imu/acl_y": -9.120183944702148, "imu/acl_z": 3.422520875930786, "imu/gyr_x": 0.0, "imu/gyr_y": -0.08552113175392151, "imu/gyr_z": -0.10297442227602005, "milliseconds": 49390}