{"cam/image_array_a": "9_cam-image_array_a_.jpg", "cam/image_array_b": "9_cam-image_array_b_.png", "user/angle": 0.0, "user/throttle": 0.4531388286996063, "user/mode": "user", "imu/acl_x": 3.0008349418640137, "imu/acl_y": -9.286897659301758, "imu/acl_z": 8.198359489440918, "imu/gyr_x": 0.15184363722801208, "imu/gyr_y": 0.22165681421756744, "imu/gyr_z": 0.06806784123182297, "milliseconds": 26070}