{"cam/image_array_a": "428_cam-image_array_a_.jpg", "cam/image_array_b": "428_cam-image_array_b_.png", "user/angle": -1.0, "user/throttle": 0.1804559465315714, "user/mode": "user", "imu/acl_x": -2.2163028717041016, "imu/acl_y": -12.984004020690918, "imu/acl_z": -0.3824593424797058, "imu/gyr_x": 0.22689279913902283, "imu/gyr_y": -2.0106191635131836, "imu/gyr_z": 0.6928957104682922, "milliseconds": 50092}