{"cam/image_array_a": "269_cam-image_array_a_.jpg", "cam/image_array_b": "269_cam-image_array_b_.png", "user/angle": 0.00640888698995941, "user/throttle": 0.24912259285256508, "user/mode": "user", "imu/acl_x": -4.187439441680908, "imu/acl_y": -4.726805210113525, "imu/acl_z": 5.001391410827637, "imu/gyr_x": -0.4468042850494385, "imu/gyr_y": -0.4415682852268219, "imu/gyr_z": 0.20943951606750488, "milliseconds": 41890}