{"cam/image_array_a": "400_cam-image_array_a_.jpg", "cam/image_array_b": "400_cam-image_array_b_.png", "user/angle": 0.0, "user/throttle": 0.035996581926938685, "user/mode": "user", "imu/acl_x": -0.34323275089263916, "imu/acl_y": -11.493393898010254, "imu/acl_z": -0.5687856674194336, "imu/gyr_x": 0.18849556148052216, "imu/gyr_y": 0.8848819136619568, "imu/gyr_z": -0.3577924966812134, "milliseconds": 48681}