{"cam/image_array_a": "426_cam-image_array_a_.jpg", "cam/image_array_b": "426_cam-image_array_b_.png", "user/angle": -1.0, "user/throttle": 0.17975402081362346, "user/mode": "user", "imu/acl_x": -4.667965412139893, "imu/acl_y": -10.571568489074707, "imu/acl_z": 0.5295590758323669, "imu/gyr_x": -0.31066861748695374, "imu/gyr_y": -1.0402162075042725, "imu/gyr_z": 0.15184363722801208, "milliseconds": 49999}