{"cam/image_array_a": "52_cam-image_array_a_.jpg", "cam/image_array_b": "52_cam-image_array_b_.png", "user/angle": -0.67452009643849, "user/throttle": 0.14178899502548295, "user/mode": "user", "imu/acl_x": -0.3628460466861725, "imu/acl_y": -9.306510925292969, "imu/acl_z": 2.696828603744507, "imu/gyr_x": -0.024434609338641167, "imu/gyr_y": 0.0, "imu/gyr_z": 0.04886921867728233, "milliseconds": 30826}