{"cam/image_array_a": "291_cam-image_array_a_.jpg", "cam/image_array_b": "291_cam-image_array_b_.png", "user/angle": 0.0, "user/throttle": 0.2806787316507462, "user/mode": "user", "imu/acl_x": -0.5491724014282227, "imu/acl_y": -8.423912048339844, "imu/acl_z": 2.9125750064849854, "imu/gyr_x": -0.24260076880455017, "imu/gyr_y": -0.031415924429893494, "imu/gyr_z": -0.34033921360969543, "milliseconds": 42995}