{"cam/image_array_a": "182_cam-image_array_a_.jpg", "cam/image_array_b": "182_cam-image_array_b_.png", "user/angle": -1.0, "user/throttle": 0.13887447737052522, "user/mode": "user", "imu/acl_x": -0.0, "imu/acl_y": -11.110934257507324, "imu/acl_z": 0.9120184183120728, "imu/gyr_x": 0.03839724510908127, "imu/gyr_y": -0.28274333477020264, "imu/gyr_z": 0.06632251292467117, "milliseconds": 37412}