{"cam/image_array_a": "305_cam-image_array_a_.jpg", "cam/image_array_b": "305_cam-image_array_b_.png", "user/angle": 0.02346873378704184, "user/throttle": 0.130237739188818, "user/mode": "user", "imu/acl_x": -3.50097393989563, "imu/acl_y": -8.276812553405762, "imu/acl_z": 0.34323275089263916, "imu/gyr_x": -0.36477380990982056, "imu/gyr_y": -0.06981316953897476, "imu/gyr_z": -0.4625122547149658, "milliseconds": 43743}