{"cam/image_array_a": "168_cam-image_array_a_.jpg", "cam/image_array_b": "168_cam-image_array_b_.png", "user/angle": 0.0, "user/throttle": 0.08287301248207038, "user/mode": "user", "imu/acl_x": 0.9708583354949951, "imu/acl_y": -9.865489959716797, "imu/acl_z": 1.431770920753479, "imu/gyr_x": -0.12915436923503876, "imu/gyr_y": -0.48171088099479675, "imu/gyr_z": -0.2600540518760681, "milliseconds": 36686}