{"cam/image_array_a": "85_cam-image_array_a_.jpg", "cam/image_array_b": "85_cam-image_array_b_.png", "user/angle": 0.0, "user/throttle": 0.0696279793694876, "user/mode": "user", "imu/acl_x": -0.2059396505355835, "imu/acl_y": -10.993254661560059, "imu/acl_z": 0.7845319509506226, "imu/gyr_x": 0.05061454698443413, "imu/gyr_y": 0.03839724510908127, "imu/gyr_z": -0.08028514683246613, "milliseconds": 32493}