{"cam/image_array_a": "419_cam-image_array_a_.jpg", "cam/image_array_b": "419_cam-image_array_b_.png", "user/angle": 0.0, "user/throttle": 0.19266335032197027, "user/mode": "user", "imu/acl_x": -0.6864655017852783, "imu/acl_y": -8.23758602142334, "imu/acl_z": 2.7948951721191406, "imu/gyr_x": -0.12042772024869919, "imu/gyr_y": 0.06981316953897476, "imu/gyr_z": -0.18675023317337036, "milliseconds": 49655}