{"cam/image_array_a": "127_cam-image_array_a_.jpg", "cam/image_array_b": "127_cam-image_array_b_.png", "user/angle": 0.0, "user/throttle": 0.10724204229865414, "user/mode": "user", "imu/acl_x": 0.16671304404735565, "imu/acl_y": -7.502087116241455, "imu/acl_z": 2.7948951721191406, "imu/gyr_x": -0.15882496535778046, "imu/gyr_y": 0.11170107126235962, "imu/gyr_z": -0.04886921867728233, "milliseconds": 34616}