{"cam/image_array_a": "247_cam-image_array_a_.jpg", "cam/image_array_b": "247_cam-image_array_b_.png", "user/angle": 0.0, "user/throttle": 0.20485549485763116, "user/mode": "user", "imu/acl_x": 0.7453053593635559, "imu/acl_y": -8.178746223449707, "imu/acl_z": 3.196967840194702, "imu/gyr_x": -0.3857177495956421, "imu/gyr_y": -0.07155849784612656, "imu/gyr_z": 0.10297442227602005, "milliseconds": 40768}