{"cam/image_array_a": "272_cam-image_array_a_.jpg", "cam/image_array_b": "272_cam-image_array_b_.png", "user/angle": -0.34388256477553636, "user/throttle": 0.24912259285256508, "user/mode": "user", "imu/acl_x": 0.009806649759411812, "imu/acl_y": -11.836626052856445, "imu/acl_z": 1.1473779678344727, "imu/gyr_x": -0.15184363722801208, "imu/gyr_y": 0.2670353651046753, "imu/gyr_z": -0.09424778074026108, "milliseconds": 42043}