{"cam/image_array_a": "13_cam-image_array_a_.jpg", "cam/image_array_b": "13_cam-image_array_b_.png", "user/angle": 0.0, "user/throttle": -0.5, "user/mode": "user", "imu/acl_x": -0.10787314921617508, "imu/acl_y": -9.384963989257812, "imu/acl_z": 1.3140910863876343, "imu/gyr_x": -0.04014257341623306, "imu/gyr_y": 0.012217304669320583, "imu/gyr_z": 0.012217304669320583, "milliseconds": 27424}