{"cam/image_array_a": "321_cam-image_array_a_.jpg", "cam/image_array_b": "321_cam-image_array_b_.png", "user/angle": 0.0, "user/throttle": 0.1706900234992523, "user/mode": "user", "imu/acl_x": -1.3729310035705566, "imu/acl_y": -9.522256851196289, "imu/acl_z": 1.4709974527359009, "imu/gyr_x": 0.04363323003053665, "imu/gyr_y": 0.045378558337688446, "imu/gyr_z": 0.031415924429893494, "milliseconds": 44527}