{"cam/image_array_a": "103_cam-image_array_a_.jpg", "cam/image_array_b": "103_cam-image_array_b_.png", "user/angle": -0.5592516861476485, "user/throttle": 0.22571489608447523, "user/mode": "user", "imu/acl_x": -0.029419949278235435, "imu/acl_y": -9.13979721069336, "imu/acl_z": 3.6971070766448975, "imu/gyr_x": -0.006981316953897476, "imu/gyr_y": 0.21991148591041565, "imu/gyr_z": 0.04188790172338486, "milliseconds": 33407}