{"cam/image_array_a": "439_cam-image_array_a_.jpg", "cam/image_array_b": "439_cam-image_array_b_.png", "user/angle": 0.0, "user/throttle": 0.10486159855952636, "user/mode": "user", "imu/acl_x": -2.9419949054718018, "imu/acl_y": -11.169774055480957, "imu/acl_z": 0.4314925968647003, "imu/gyr_x": 0.09599310904741287, "imu/gyr_y": -0.3752457797527313, "imu/gyr_z": 0.2932153046131134, "milliseconds": 50681}