{"cam/image_array_a": "384_cam-image_array_a_.jpg", "cam/image_array_b": "384_cam-image_array_b_.png", "user/angle": 0.0, "user/throttle": 0.09802545243690299, "user/mode": "user", "imu/acl_x": 0.3628460466861725, "imu/acl_y": -7.374600410461426, "imu/acl_z": 1.7750035524368286, "imu/gyr_x": 0.10646508634090424, "imu/gyr_y": 0.19024088978767395, "imu/gyr_z": 0.09948376566171646, "milliseconds": 47700}