{"cam/image_array_a": "4_cam-image_array_a_.jpg", "cam/image_array_b": "4_cam-image_array_b_.png", "user/angle": 0.3, "user/throttle": 0.3, "user/mode": "user", "imu/acl_x": -0.029419949278235435, "imu/acl_y": -10.091042518615723, "imu/acl_z": 0.3628460466861725, "imu/gyr_x": -0.03490658476948738, "imu/gyr_y": 0.027925267815589905, "imu/gyr_z": -0.03316125646233559, "milliseconds": 178}