{"cam/image_array_a": "7_cam-image_array_a_.jpg", "cam/image_array_b": "7_cam-image_array_b_.png", "user/angle": 0.3, "user/throttle": 0.3, "user/mode": "user", "imu/acl_x": -0.2059396505355835, "imu/acl_y": -9.94394302368164, "imu/acl_z": 0.823758602142334, "imu/gyr_x": -0.054105207324028015, "imu/gyr_y": -0.01745329238474369, "imu/gyr_z": -0.006981316953897476, "milliseconds": 329}