{"cam/image_array_a": "14_cam-image_array_a_.jpg", "cam/image_array_b": "14_cam-image_array_b_.png", "user/angle": 0.3, "user/throttle": 0.3, "user/mode": "user", "imu/acl_x": 0.2843928337097168, "imu/acl_y": -9.688969612121582, "imu/acl_z": 0.990471601486206, "imu/gyr_x": -0.09075711667537689, "imu/gyr_y": -0.04014257341623306, "imu/gyr_z": -0.019198622554540634, "milliseconds": 681}