{"cam/image_array_a": "3_cam-image_array_a_.jpg", "cam/image_array_b": "3_cam-image_array_b_.png", "user/angle": 0.3, "user/throttle": 0.3, "user/mode": "user", "imu/acl_x": -1.1669913530349731, "imu/acl_y": -10.169495582580566, "imu/acl_z": 0.06864655017852783, "imu/gyr_x": -0.03316125646233559, "imu/gyr_y": -0.04886921867728233, "imu/gyr_z": -0.03839724510908127, "milliseconds": 127}