{"cam/image_array_a": "10_cam-image_array_a_.jpg", "cam/image_array_b": "10_cam-image_array_b_.png", "user/angle": 0.3, "user/throttle": 0.3, "user/mode": "user", "imu/acl_x": 0.3628460466861725, "imu/acl_y": -9.708582878112793, "imu/acl_z": 0.4903324842453003, "imu/gyr_x": -0.0890117883682251, "imu/gyr_y": -0.04886921867728233, "imu/gyr_z": -0.07330382615327835, "milliseconds": 481}