{"cam/image_array_a": "8_cam-image_array_a_.jpg", "cam/image_array_b": "8_cam-image_array_b_.png", "user/angle": 0.3, "user/throttle": 0.3, "user/mode": "user", "imu/acl_x": 0.06864655017852783, "imu/acl_y": -9.826263427734375, "imu/acl_z": 0.8335652351379395, "imu/gyr_x": 0.03490658476948738, "imu/gyr_y": -0.013962633907794952, "imu/gyr_z": -0.012217304669320583, "milliseconds": 378}