{"cam/image_array_a": "6_cam-image_array_a_.jpg", "cam/image_array_b": "6_cam-image_array_b_.png", "user/angle": 0.3, "user/throttle": 0.3, "user/mode": "user", "imu/acl_x": -0.08825984597206116, "imu/acl_y": -9.561483383178711, "imu/acl_z": 0.8727918267250061, "imu/gyr_x": -0.02094395086169243, "imu/gyr_y": 0.02617993950843811, "imu/gyr_z": -0.024434609338641167, "milliseconds": 280}