{"cam/image_array_a": "15_cam-image_array_a_.jpg", "cam/image_array_b": "15_cam-image_array_b_.png", "user/angle": 0.3, "user/throttle": 0.3, "user/mode": "user", "imu/acl_x": -0.029419949278235435, "imu/acl_y": -9.747809410095215, "imu/acl_z": 0.5295590758323669, "imu/gyr_x": 0.02094395086169243, "imu/gyr_y": 0.0, "imu/gyr_z": -0.006981316953897476, "milliseconds": 730}