{"cam/image_array_a": "13_cam-image_array_a_.jpg", "cam/image_array_b": "13_cam-image_array_b_.png", "user/angle": 0.3, "user/throttle": 0.3, "user/mode": "user", "imu/acl_x": -0.06864655017852783, "imu/acl_y": -9.767423629760742, "imu/acl_z": 0.6080122590065002, "imu/gyr_x": -0.003490658476948738, "imu/gyr_y": -0.006981316953897476, "imu/gyr_z": -0.005235987715423107, "milliseconds": 629}