{"cam/image_array_a": "18_cam-image_array_a_.jpg", "cam/image_array_b": "18_cam-image_array_b_.png", "user/angle": 0.3, "user/throttle": 0.3, "user/mode": "user", "imu/acl_x": -0.4903324842453003, "imu/acl_y": -10.071429252624512, "imu/acl_z": 0.509945809841156, "imu/gyr_x": 0.008726646192371845, "imu/gyr_y": -0.024434609338641167, "imu/gyr_z": -0.0872664600610733, "milliseconds": 881}