{"cam/image_array_a": "11_cam-image_array_a_.jpg", "cam/image_array_b": "11_cam-image_array_b_.png", "user/angle": 0.3, "user/throttle": 0.3, "user/mode": "user", "imu/acl_x": 0.32361945509910583, "imu/acl_y": -10.03220272064209, "imu/acl_z": 0.7845319509506226, "imu/gyr_x": -0.001745329238474369, "imu/gyr_y": 0.045378558337688446, "imu/gyr_z": 0.036651913076639175, "milliseconds": 529}