{"cam/image_array_a": "1_cam-image_array_a_.jpg", "cam/image_array_b": "1_cam-image_array_b_.png", "user/angle": 0.3, "user/throttle": 0.3, "user/mode": "user", "imu/acl_x": -0.009806649759411812, "imu/acl_y": -9.728196144104004, "imu/acl_z": 0.6668521761894226, "imu/gyr_x": -0.001745329238474369, "imu/gyr_y": 0.0, "imu/gyr_z": 0.0, "milliseconds": 59}