{"cam/image_array_a": "16_cam-image_array_a_.jpg", "cam/image_array_b": "16_cam-image_array_b_.png", "user/angle": 0.3, "user/throttle": 0.3, "user/mode": "user", "imu/acl_x": 0.18632633984088898, "imu/acl_y": -9.561483383178711, "imu/acl_z": 0.7845319509506226, "imu/gyr_x": 0.006981316953897476, "imu/gyr_y": -0.02617993950843811, "imu/gyr_z": -0.03316125646233559, "milliseconds": 780}