{"cam/image_array_a": "12_cam-image_array_a_.jpg", "cam/image_array_b": "12_cam-image_array_b_.png", "user/angle": 0.3, "user/throttle": 0.3, "user/mode": "user", "imu/acl_x": -0.06864655017852783, "imu/acl_y": -9.845876693725586, "imu/acl_z": 0.5883989930152893, "imu/gyr_x": 0.013962633907794952, "imu/gyr_y": 0.015707962214946747, "imu/gyr_z": 0.01745329238474369, "milliseconds": 579}