{"cam/image_array_a": "5_cam-image_array_a_.jpg", "cam/image_array_b": "5_cam-image_array_b_.png", "user/angle": 0.3, "user/throttle": 0.3, "user/mode": "user", "imu/acl_x": -0.3628460466861725, "imu/acl_y": -9.443803787231445, "imu/acl_z": 0.7453053593635559, "imu/gyr_x": 0.0, "imu/gyr_y": -0.01745329238474369, "imu/gyr_z": -0.045378558337688446, "milliseconds": 229}