{"cam/image_array_a": "17_cam-image_array_a_.jpg", "cam/image_array_b": "17_cam-image_array_b_.png", "user/angle": 0.3, "user/throttle": 0.3, "user/mode": "user", "imu/acl_x": -0.34323275089263916, "imu/acl_y": -9.688969612121582, "imu/acl_z": 0.5687856674194336, "imu/gyr_x": 0.022689279168844223, "imu/gyr_y": -0.008726646192371845, "imu/gyr_z": -0.04363323003053665, "milliseconds": 831}