{"cam/image_array_a": "9_cam-image_array_a_.jpg", "cam/image_array_b": "9_cam-image_array_b_.png", "user/angle": 0.3, "user/throttle": 0.3, "user/mode": "user", "imu/acl_x": -0.009806649759411812, "imu/acl_y": -10.012589454650879, "imu/acl_z": 0.4903324842453003, "imu/gyr_x": 0.0, "imu/gyr_y": 0.001745329238474369, "imu/gyr_z": 0.006981316953897476, "milliseconds": 429}